ticker_yf,dias,vol_fin_medio
PETR4.SA,1281,1214072145.06
B3SA3.SA,1281,507505293.93
HAPV3.SA,1281,424594324.36
BEEF3.SA,1281,81176415.95
GMAT3.SA,1281,35191683.98
ENEV3.SA,1281,124928871.72
CSAN3.SA,1281,204827253.78
RAIZ4.SA,1154,62221401.51
COGN3.SA,1281,89791654.84
MBRF3.SA,1281,115000521.39
BBDC4.SA,1281,559522263.93
VAMO3.SA,1280,61883778.53
ITUB4.SA,1281,779499256.49
ABEV3.SA,1281,334615155.8
CPLE3.SA,1281,33795002.51
BBAS3.SA,1281,495945563.38
ITSA4.SA,1281,210964657.9
CSNA3.SA,1281,143605512.73
VALE3.SA,1281,1495407326.63
PRIO3.SA,1281,484711567.91
MGLU3.SA,1281,778852319.65
PETR3.SA,1281,348893172.38
CMIG4.SA,1281,95778203.85
CVCB3.SA,1281,110427659.67
AXIA3.SA,1281,318076194.61
RENT3.SA,1281,367401351.4
RADL3.SA,1281,170544975.25
LREN3.SA,1281,290021580.77
USIM5.SA,1281,135511586.17
CMIN3.SA,1268,34549267.86
EQTL3.SA,1281,218355398.17
ANIM3.SA,1281,27609704.44
ASAI3.SA,1263,181116147.24
VBBR3.SA,1281,182553965.82
PCAR3.SA,1281,108868993.71
BPAC11.SA,1281,308635407.61
POMO4.SA,1281,33912132.14
AMBP3.SA,1281,57642288.19
MRVE3.SA,1281,98111124.28
GGBR4.SA,1281,238547973.46
RDOR3.SA,1281,171843043.52
BRAV3.SA,1279,175957731.13
GOAU4.SA,1281,79769194.09
ECOR3.SA,1281,34236506.13
VIVA3.SA,1281,58456265.2
UGPA3.SA,1281,112292395.88
RAIL3.SA,1281,220300786.49
SUZB3.SA,1281,322753065.22
CEAB3.SA,1281,35365515.85
RCSL4.SA,1281,10172244.69
YDUQ3.SA,1281,63570115.59
RAPT4.SA,1281,26365032.28
RECV3.SA,1218,33697059.82
CBAV3.SA,1168,34700529.24
CYRE3.SA,1281,115348838.27
SMFT3.SA,1170,53842094.75
DIRR3.SA,1281,37002648.33
MOVI3.SA,1281,38268289.95
AZEV4.SA,1281,5361784.18
TOTS3.SA,1281,131602194.06
BBDC3.SA,1281,88992564.91
CASH3.SA,1281,49105386.46
VIVT3.SA,1281,107904321.39
WEGE3.SA,1281,289895889.25
PGMN3.SA,1281,6258365.55
GRND3.SA,1281,8728997.82
ENGI11.SA,1281,96837920.13
CURY3.SA,1281,24652080.57
KLBN11.SA,1281,98398456.38
ALOS3.SA,1279,65859639.33
LWSA3.SA,1281,71033389.92
KLBN4.SA,1281,7268088.46
BRKM5.SA,1281,92218224.56
SIMH3.SA,1281,30338916.57
QUAL3.SA,1281,31962972.39
CXSE3.SA,1221,35766303.94
TIMS3.SA,1281,91722533.89
AZEV3.SA,1281,1527162.76
ODPV3.SA,1281,16667820.49
PLPL3.SA,1281,7921619.8
LJQQ3.SA,1281,20304907.56
BRAP4.SA,1281,66871817.84
GGPS3.SA,1223,32251457.51
ISAE4.SA,1279,44195504.31
JHSF3.SA,1281,17318590.96
SMTO3.SA,1281,47380008.93
FLRY3.SA,1281,39172515.54
AZZA3.SA,1281,93393964.16
CSMG3.SA,1281,34879035.89
BHIA3.SA,1281,244549537.09
BBSE3.SA,1281,132833561.96
SLCE3.SA,1281,48707914.02
DXCO3.SA,1281,30844836.89
SBSP3.SA,1281,234645490.46
AXIA6.SA,1281,82132836.53
HYPE3.SA,1281,104469693.89
SANB11.SA,1281,64453028.07
PSSA3.SA,1281,56575374.84
SBFG3.SA,1281,28807073.86
MULT3.SA,1281,110717751.19
TEND3.SA,1281,38073642.05
ALPA4.SA,1281,55511850.1
TAEE11.SA,1281,57213303.35
MELK3.SA,1281,1211256.33
ITUB3.SA,1281,16583523.38
NEOE3.SA,1281,30652674.38
POSI3.SA,1281,16772186.66
HBSA3.SA,1281,17244896.61
KEPL3.SA,1281,11420196.52
EZTC3.SA,1281,33486967.19
SEER3.SA,1281,6441821.48
FIQE3.SA,1159,1513936.98
INTB3.SA,1276,30566688.25
JALL3.SA,1276,5370140.42
CPFE3.SA,1281,65206566.55
TUPY3.SA,1281,16624378.46
PMAM3.SA,1281,2116113.26
VVEO3.SA,1152,11140069.41
BMGB4.SA,1281,2329497.76
EGIE3.SA,1281,54386427.04
POMO3.SA,1281,1289785.78
MYPK3.SA,1281,16815287.01
VULC3.SA,1281,7881345.98
JSLG3.SA,1281,3100374.28
BRSR6.SA,1281,16562617.97
LIGT3.SA,1281,21157523.02
TTEN3.SA,1167,14241656.75
SAPR11.SA,1281,27394814.53
MDNE3.SA,1281,4825053.63
HBOR3.SA,1281,3351921.93
MDIA3.SA,1281,30309901.52
AMER3.SA,1281,1600445493.92
SOJA3.SA,1221,5206413.25
GFSA3.SA,1281,43615238.97
ARML3.SA,1159,7807051.19
FESA4.SA,1281,8585468.09
SAPR4.SA,1281,10460039.77
MILS3.SA,1281,9486555.83
DASA3.SA,1281,14893145.28
KLBN3.SA,1281,1620424.57
ALUP11.SA,1281,22144141.39
TGMA3.SA,1281,5794606.23
PFRM3.SA,1281,1109333.12
LAVV3.SA,1281,5296370.19
PNVL3.SA,1281,6004050.15
EVEN3.SA,1281,6591001.96
PRNR3.SA,1281,2858648.63
ORVR3.SA,1271,17818600.14
ESPA3.SA,1278,8055907.87
CAML3.SA,1281,8984976.23
RANI3.SA,1281,7721669.66
ROMI3.SA,1281,5995928.59
ABCB4.SA,1281,11888805.12
USIM3.SA,1281,4488669.22
MTRE3.SA,1281,3159565.31
OPCT3.SA,1272,4506336.52
MLAS3.SA,1164,7209710.81
BLAU3.SA,1229,7056047.43
DESK3.SA,1164,4695157.86
SEQL3.SA,1281,90273964.06
WIZC3.SA,1281,7862876.86
PINE4.SA,1281,1217947.36
TFCO4.SA,1281,3647963.22
OIBR3.SA,1281,89486537.2
SYNE3.SA,1281,1677200.11
IRBR3.SA,1281,85082001.53
LUPA3.SA,1281,3123217.95
VLID3.SA,1281,5473908.18
TRIS3.SA,1281,4462337.68
CSED3.SA,1273,2510819.79
IFCM3.SA,1216,122617113.81
BMOB3.SA,1273,7470505.54
SHUL4.SA,1281,2203176.46
AGRO3.SA,1281,9780519.83
HBRE3.SA,1281,1810003.92
UNIP6.SA,1281,13933576.65
TASA4.SA,1281,10385361.38
FRAS3.SA,1281,5282752.29
LOGG3.SA,1281,6687581.79
LEVE3.SA,1281,8943465.29
PTBL3.SA,1281,7308126.87
DEXP3.SA,1281,1845037.96
TAEE4.SA,1281,2091047.77
ENJU3.SA,1281,3971112.66
LPSB3.SA,1281,910770.49
ITSA3.SA,1281,1450370.61
BRBI11.SA,1170,2841405.53
MEAL3.SA,1281,3321349.74
ALLD3.SA,1234,857121.35
CMIG3.SA,1281,5353547.81
AMAR3.SA,1281,8176450.51
RCSL3.SA,1281,8487183.98
SANB4.SA,1281,1709539.06
ALPK3.SA,1281,698684.01
AERI3.SA,1281,13470422.26
RAPT3.SA,1281,208986.38
TAEE3.SA,1281,1044894.49
SANB3.SA,1281,1383519.76
BRAP3.SA,1281,1769887.65
SAPR3.SA,1281,1615590.2
ETER3.SA,1281,7304828.85
MATD3.SA,1212,4019016.89
SHOW3.SA,1281,1020589.94
TPIS3.SA,1281,1110715.05
GOAU3.SA,1281,789474.83
RNEW4.SA,1281,330331.26
VIVR3.SA,1281,3164836.91
BIOM3.SA,1281,440356.1
PTNT4.SA,1281,105318.3
LAND3.SA,1151,1154077.71
AALR3.SA,1281,4982542.24
PDGR3.SA,1281,43691809360.31
BOBR4.SA,1281,136492.55
GGBR3.SA,1281,1172090.89
TCSA3.SA,1281,1164110.86
RNEW3.SA,1281,171629.37
CSUD3.SA,1281,1731295.01
UCAS3.SA,1281,136322.06
BRKM3.SA,1281,644253.54
EUCA4.SA,1281,801095.65
IGTI3.SA,1281,1606265.78
IGTI3.SA,1281,1606265.78
DMVF3.SA,1281,582937.79
BPAC5.SA,1281,95271.89
CAMB3.SA,1281,367262.92
BMEB4.SA,1281,356147.83
RSID3.SA,1281,386582.91
INEP3.SA,1281,956938.68
MNPR3.SA,1281,178566.41
NGRD3.SA,1281,2536735.34
TECN3.SA,1281,3057378.97
FICT3.SA,1281,189729.81
DOTZ3.SA,1200,327432.5
SCAR3.SA,1281,439552.31
AGXY3.SA,1161,1285791.68
PDTC3.SA,1281,310215.15
ALUP4.SA,1281,182041.78
CGRA4.SA,1281,253612.21
BPAC3.SA,1281,156165.12
BSLI3.SA,1281,63593.91
BAZA3.SA,1281,183527.37
WHRL4.SA,1281,57974.23
EALT4.SA,1281,205815.96
MGEL4.SA,1281,52095.45
TASA3.SA,1281,456201.05
UNIP3.SA,1281,1121729.01
ALPA3.SA,1281,110624.69
ALUP3.SA,1281,137001.45
WEST3.SA,1272,1060493.58
EPAR3.SA,1281,41060.88
LOGN3.SA,1281,7620582.54
COCE5.SA,1281,1002634.54
BEES3.SA,1281,119880.28
ENGI4.SA,1281,142225.19
TRAD3.SA,1160,3202824.87
FHER3.SA,1281,6515645.55
PINE3.SA,1281,13331.03
HAGA4.SA,1281,72918.49
WHRL3.SA,1281,21464.23
BMEB3.SA,1281,26851.63
EQPA3.SA,1281,86932.04
LUXM4.SA,1281,31456.51
HAGA3.SA,1281,47981.5
DEXP4.SA,1281,48912.89
BRSR3.SA,1281,77258.35
HOOT4.SA,1281,44211.28
MWET4.SA,1281,52689.56
REDE3.SA,1281,24409.77
CEBR5.SA,1281,51455.09
OFSA3.SA,1281,249870.39
WLMM4.SA,1281,41086.94
TELB4.SA,1281,83826.31
NUTR3.SA,1281,14552.69
CGRA3.SA,1281,66185.63
BALM4.SA,1281,9592.97
CTSA3.SA,1281,50544.22
CTKA4.SA,1281,26060.85
OIBR4.SA,1281,1231360.19
INEP4.SA,1279,510509.55
CEBR6.SA,1281,149487.54
BEES4.SA,1281,32537.31
RSUL4.SA,1281,154011.68
EMAE4.SA,1281,247291.79
ENGI3.SA,1281,108416.25
RPAD6.SA,1281,36126.85
NEXP3.SA,1281,357995.74
RPMG3.SA,1281,135175.92
CRPG5.SA,1281,310187.23
AVLL3.SA,1281,83001.39
ISAE3.SA,1276,71585.16
CEBR3.SA,1281,83435.26
EKTR4.SA,1281,20059.3
OSXB3.SA,1281,83842.7
PLAS3.SA,1281,19184.99
VSTE3.SA,1277,627176.2
EUCA3.SA,1281,44331.87
FESA3.SA,1281,10012.8
CLSC4.SA,1281,315962.54
BMIN4.SA,1281,9835.67
BGIP4.SA,1281,24719.81
PATI3.SA,1281,9162.26
MNDL3.SA,1281,61640.51
TELB3.SA,1281,45184.0
CGAS5.SA,1281,168958.78
MTSA4.SA,1281,134704.35
TKNO4.SA,1281,8816.78
BNBR3.SA,1281,11087.99
MRSA3B.SA,1281,1529.73
EALT3.SA,1281,16973.74
CEDO3.SA,1281,30085.18
CTSA4.SA,1281,98965.78
BGIP3.SA,1281,3056.22
GEPA4.SA,1281,17809.98
PATI4.SA,1281,2048.38
CEDO4.SA,1281,96228.89
RPAD5.SA,1281,32504.65
DOHL4.SA,1281,27023.26
DTCY3.SA,1281,6967.39
BMKS3.SA,1281,19481.68
SNSY5.SA,1281,32605.28
JFEN3.SA,1281,2213520.93
PPLA11.SA,1281,4472.97
PEAB4.SA,1281,7644.18
CEEB3.SA,1281,39365.66
AHEB3.SA,1281,2251.4
GSHP3.SA,1281,7251.47
GEPA3.SA,1281,3355.5
BRKM6.SA,1281,2591.64
ENMT3.SA,1281,72351.72
WLMM3.SA,1281,2145.36
BDLL4.SA,1281,11320.25
SOND5.SA,1281,1259.26
CTKA3.SA,1281,2080.35
ESTR4.SA,1281,6903.89
CBEE3.SA,1275,4579.57
PTNT3.SA,1281,81263.51
EQMA3B.SA,1281,47781.17
UNIP5.SA,1281,26198.86
AXIA5.SA,1281,2064.33
HETA4.SA,1281,11924.89
PEAB3.SA,1281,6229.62
CGAS3.SA,1281,13145.7
RPAD3.SA,1281,13616.36
HBTS5.SA,1281,7858.4
BRSR5.SA,1281,1636.44
CRPG6.SA,1281,44760.13
AFLT3.SA,1281,4975.93
