ticker,status,semanas,svi_media,svi_std,svi_zeros_pct
PETR4,ok,268,17.5,7.84,0.0
B3SA3,ok,268,20.0,10.73,0.0
HAPV3,ok,268,10.6,9.04,0.0
BEEF3,ok,268,26.47,12.59,0.0
GMAT3,ok,268,26.41,15.51,0.3731
ENEV3,ok,268,14.43,11.88,4.4776
CSAN3,ok,268,18.49,9.42,0.0
COGN3,ok,268,27.12,14.51,0.0
MBRF3,ok,268,4.28,14.53,90.2985
BBDC4,ok,268,24.44,9.27,0.0
VAMO3,ok,268,29.1,19.64,0.3731
ITUB4,ok,268,41.29,12.71,0.0
ABEV3,ok,268,12.26,7.36,0.0
CPLE3,ok,268,39.97,19.89,1.1194
BBAS3,ok,268,20.67,13.35,0.0
ITSA4,ok,268,29.34,11.76,0.0
CSNA3,ok,268,37.75,12.05,0.0
VALE3,ok,268,40.02,10.71,0.0
PRIO3,ok,268,36.51,10.0,0.0
MGLU3,ok,268,42.93,21.94,0.0
PETR3,ok,268,14.44,7.74,0.0
CMIG4,ok,268,32.47,18.58,0.0
CVCB3,ok,268,46.7,17.56,0.0
AXIA3,ok,268,5.23,19.1,92.1642
RENT3,ok,268,17.67,8.24,0.0
RADL3,ok,268,17.16,10.1,0.0
LREN3,ok,268,41.77,13.69,0.0
USIM5,ok,268,51.1,15.34,0.0
EQTL3,ok,268,31.27,11.06,0.0
ANIM3,ok,268,40.13,19.09,1.1194
VBBR3,ok,268,35.09,19.22,13.806
PCAR3,ok,268,7.87,7.85,0.0
BPAC11,ok,268,38.47,15.4,0.0
POMO4,ok,268,39.13,15.46,0.0
AMBP3,ok,268,9.59,11.93,0.0
MRVE3,ok,268,29.48,13.34,0.0
GGBR4,ok,268,43.04,13.64,0.0
RDOR3,ok,268,25.77,12.28,0.0
BRAV3,ok,268,15.98,25.86,69.0299
GOAU4,ok,268,24.09,12.18,0.0
ECOR3,ok,268,38.89,14.96,0.3731
VIVA3,ok,268,9.58,7.62,0.7463
UGPA3,ok,268,23.34,10.33,0.3731
RAIL3,ok,268,22.24,13.78,0.0
SUZB3,ok,268,27.91,9.82,0.0
CEAB3,ok,268,20.57,9.76,0.0
RCSL4,ok,268,14.33,13.21,19.7761
YDUQ3,ok,268,29.48,12.99,0.0
RAPT4,ok,268,46.82,16.37,0.7463
CYRE3,ok,268,34.53,14.35,0.0
DIRR3,ok,268,25.12,16.1,0.7463
MOVI3,ok,268,32.75,12.49,0.0
AZEV4,ok,268,21.01,15.84,4.1045
TOTS3,ok,268,18.85,11.52,0.0
BBDC3,ok,268,26.88,10.92,0.0
CASH3,ok,268,22.31,16.8,0.0
VIVT3,ok,268,36.08,12.45,0.0
WEGE3,ok,268,30.39,13.98,0.0
PGMN3,ok,268,21.01,10.83,1.1194
GRND3,ok,268,25.57,14.24,0.0
ENGI11,ok,268,18.11,16.23,35.4478
CURY3,ok,268,37.74,21.57,12.3134
KLBN11,ok,268,44.62,16.05,0.0
ALOS3,ok,268,18.34,22.4,52.6119
LWSA3,ok,268,24.42,17.32,0.0
KLBN4,ok,268,47.82,23.34,0.0
BRKM5,ok,268,25.61,12.72,0.0
SIMH3,ok,268,34.86,13.47,0.0
QUAL3,ok,268,17.58,9.93,0.0
TIMS3,ok,268,28.51,12.5,0.0
AZEV3,ok,268,20.95,19.26,32.0896
ODPV3,ok,268,13.68,10.39,6.3433
PLPL3,ok,268,31.1,15.29,4.1045
LJQQ3,ok,268,27.67,11.19,0.0
BRAP4,ok,268,25.7,11.92,0.0
ISAE4,ok,268,14.65,25.86,73.8806
JHSF3,ok,268,45.56,15.58,0.0
SMTO3,ok,268,33.92,16.85,1.8657
FLRY3,ok,268,23.25,11.01,0.0
AZZA3,ok,268,12.03,21.13,67.9104
CSMG3,ok,268,30.2,12.9,0.0
BHIA3,ok,268,12.76,17.23,50.3731
BBSE3,ok,268,33.84,14.3,0.0
SLCE3,ok,268,35.18,13.95,0.0
DXCO3,ok,268,21.33,15.72,22.3881
SBSP3,ok,268,16.72,10.13,0.3731
AXIA6,ok,268,3.88,14.45,92.5373
HYPE3,ok,268,11.72,7.17,0.0
SANB11,ok,268,31.31,12.66,0.0
PSSA3,ok,268,34.77,12.68,0.0
SBFG3,ok,268,14.78,10.05,5.597
MULT3,ok,268,29.93,18.43,2.9851
TEND3,ok,268,35.89,18.06,3.3582
ALPA4,ok,268,2.67,6.15,6.7164
TAEE11,ok,268,35.23,13.69,0.0
MELK3,ok,268,23.88,18.83,17.9104
ITUB3,ok,268,34.06,12.48,0.0
NEOE3,ok,268,32.09,16.64,0.3731
POSI3,ok,268,23.92,15.2,0.0
HBSA3,ok,268,20.09,15.25,22.7612
KEPL3,ok,268,25.58,16.85,2.2388
EZTC3,ok,268,49.03,13.55,0.0
SEER3,ok,268,28.32,17.42,13.4328
CPFE3,ok,268,42.4,17.09,0.3731
TUPY3,ok,268,24.03,12.4,0.0
PMAM3,ok,268,15.81,12.4,3.3582
BMGB4,ok,268,28.16,11.83,0.0
EGIE3,ok,268,48.34,14.77,0.0
POMO3,ok,268,24.16,14.73,1.4925
MYPK3,ok,268,25.82,12.72,0.3731
VULC3,ok,268,20.82,17.4,3.3582
JSLG3,ok,268,21.53,16.95,24.6269
BRSR6,ok,268,36.1,11.44,0.0
LIGT3,ok,268,15.27,12.58,3.7313
SAPR11,ok,268,35.86,15.86,0.0
MDNE3,ok,268,24.98,16.86,14.9254
HBOR3,ok,268,35.16,15.03,1.4925
MDIA3,ok,268,14.57,12.13,0.7463
AMER3,ok,268,3.76,8.71,8.9552
GFSA3,ok,268,8.37,7.23,0.0
FESA4,ok,268,37.68,13.98,0.0
SAPR4,ok,268,37.53,12.59,0.0
MILS3,ok,268,20.78,13.5,10.0746
DASA3,ok,268,8.94,8.94,13.4328
KLBN3,ok,268,44.5,19.17,0.7463
ALUP11,ok,268,29.35,14.38,0.3731
TGMA3,ok,268,15.42,19.51,54.8507
PFRM3,ok,268,16.68,21.66,58.209
LAVV3,ok,268,23.94,14.43,11.9403
PNVL3,ok,268,32.57,20.47,11.5672
EVEN3,ok,268,41.41,16.35,0.0
PRNR3,ok,268,16.51,15.17,37.3134
ESPA3,ok,268,4.92,6.7,8.9552
CAML3,ok,268,33.97,14.8,0.3731
RANI3,ok,268,28.07,10.54,0.0
ROMI3,ok,268,22.1,13.33,0.0
ABCB4,ok,268,31.04,11.95,0.0
USIM3,ok,268,38.25,19.55,7.8358
MTRE3,ok,268,29.1,17.59,5.2239
SEQL3,ok,268,8.97,9.37,2.2388
WIZC3,ok,268,24.13,22.36,39.1791
PINE4,ok,268,32.82,20.07,5.9701
TFCO4,ok,268,6.85,21.7,90.6716
OIBR3,ok,268,21.28,17.12,0.0
SYNE3,ok,268,7.16,8.57,15.6716
IRBR3,ok,268,25.04,17.11,0.0
LUPA3,ok,268,7.96,9.01,9.3284
VLID3,ok,268,33.96,23.89,21.2687
TRIS3,ok,268,34.51,17.82,2.2388
SHUL4,ok,268,26.56,13.24,2.2388
AGRO3,ok,268,22.92,11.3,0.0
HBRE3,ok,268,10.34,20.39,76.8657
UNIP6,ok,268,32.04,14.43,0.0
TASA4,ok,268,30.85,12.82,0.0
FRAS3,ok,268,37.69,24.65,21.6418
LOGG3,ok,268,17.74,14.57,22.7612
LEVE3,ok,268,24.89,13.83,0.0
PTBL3,ok,268,20.59,14.38,3.7313
DEXP3,ok,268,21.18,14.61,19.7761
TAEE4,ok,268,39.63,13.56,0.0
ENJU3,ok,268,20.12,15.9,7.4627
LPSB3,ok,268,15.7,20.28,52.9851
ITSA3,ok,268,40.16,12.12,0.0
MEAL3,ok,268,25.06,19.32,4.4776
CMIG3,ok,268,26.15,13.19,2.2388
AMAR3,ok,268,23.81,18.06,4.1045
RCSL3,ok,268,22.45,18.71,31.7164
SANB4,ok,268,29.69,16.31,1.1194
ALPK3,ok,268,12.05,18.59,63.4328
AERI3,ok,268,18.28,15.04,1.8657
RAPT3,ok,268,8.35,21.71,86.5672
TAEE3,ok,268,43.12,14.67,0.0
SANB3,ok,268,28.97,17.54,0.7463
BRAP3,ok,268,29.37,17.1,13.0597
SAPR3,ok,268,43.29,14.84,0.0
ETER3,ok,268,24.99,19.65,1.8657
SHOW3,ok,268,12.49,12.92,30.9701
TPIS3,ok,268,10.65,14.96,36.5672
GOAU3,ok,268,28.9,18.66,17.5373
RNEW4,ok,268,12.94,14.57,44.7761
VIVR3,ok,268,5.72,8.96,6.7164
BIOM3,ok,268,3.52,13.47,92.5373
PTNT4,ok,268,2.17,13.39,97.3881
AALR3,ok,268,7.04,12.41,61.5672
PDGR3,ok,268,21.26,16.76,1.1194
BOBR4,ok,268,5.49,12.99,80.597
GGBR3,ok,268,33.49,17.13,8.209
TCSA3,ok,268,12.01,12.6,32.0896
RNEW3,ok,268,7.65,12.83,66.4179
CSUD3,ok,268,17.84,20.19,50.7463
UCAS3,ok,268,8.74,22.01,85.4478
BRKM3,ok,268,7.59,12.58,62.6866
EUCA4,ok,268,6.61,12.88,74.6269
DMVF3,ok,268,15.45,18.84,50.0
BPAC5,ok,268,1.14,8.82,98.1343
CAMB3,ok,268,10.62,18.57,72.7612
BMEB4,ok,268,10.21,17.44,69.7761
RSID3,ok,268,4.37,12.33,86.5672
INEP3,ok,268,15.87,16.79,35.0746
MNPR3,ok,268,3.31,15.15,95.1493
NGRD3,ok,268,9.56,12.21,7.4627
TECN3,ok,268,15.28,16.62,23.8806
FICT3,ok,268,1.75,8.09,93.2836
SCAR3,ok,268,1.63,7.44,88.4328
PDTC3,ok,268,10.89,14.69,54.8507
ALUP4,ok,268,22.98,18.57,29.8507
CGRA4,ok,268,8.32,15.73,75.3731
BPAC3,ok,268,5.35,11.11,76.1194
BSLI3,ok,268,1.96,8.65,92.9104
BAZA3,ok,268,18.23,26.7,65.6716
WHRL4,ok,268,6.87,19.29,88.0597
EALT4,ok,268,12.03,22.01,73.8806
MGEL4,ok,268,0.37,6.11,99.6269
TASA3,ok,268,16.84,17.49,44.0299
UNIP3,ok,268,26.78,21.24,28.7313
ALPA3,ok,268,0.46,6.12,96.2687
ALUP3,ok,268,15.99,25.02,69.0299
EPAR3,ok,268,4.43,14.99,90.6716
LOGN3,ok,268,3.68,7.63,57.8358
COCE5,ok,268,3.43,12.05,90.6716
BEES3,ok,268,38.07,17.91,9.7015
ENGI4,ok,268,10.3,19.77,76.4925
FHER3,ok,268,4.92,8.56,41.791
PINE3,ok,268,1.55,9.13,96.6418
HAGA4,ok,268,3.66,11.58,87.6866
WHRL3,ok,268,1.2,9.95,98.5075
BMEB3,ok,268,1.04,7.18,96.2687
EQPA3,ok,268,5.16,16.8,90.6716
LUXM4,ok,268,0.37,6.11,99.6269
HAGA3,ok,268,2.39,12.68,96.2687
DEXP4,ok,268,0.65,7.59,99.2537
BRSR3,ok,268,8.71,18.77,80.2239
HOOT4,ok,268,1.93,8.92,93.6567
MWET4,ok,268,2.69,12.41,94.7761
REDE3,ok,268,3.27,12.59,92.9104
CEBR5,ok,268,2.3,12.63,96.6418
OFSA3,ok,268,4.58,16.25,92.1642
WLMM4,ok,268,1.63,11.91,98.1343
TELB4,ok,268,11.79,22.91,77.6119
NUTR3,ok,268,1.24,10.18,98.5075
CGRA3,ok,268,3.39,15.41,95.1493
BALM4,ok,268,0.67,7.81,99.2537
CTSA3,ok,268,3.69,13.32,91.0448
CTKA4,ok,268,0.9,8.65,98.8806
OIBR4,ok,268,21.12,20.63,5.2239
INEP4,ok,268,14.69,17.16,47.3881
CEBR6,ok,268,15.45,22.54,64.5522
BEES4,ok,268,13.17,21.67,70.8955
RSUL4,ok,268,2.65,13.79,96.2687
EMAE4,ok,268,6.76,15.58,81.7164
ENGI3,ok,268,14.69,20.47,61.9403
RPAD6,ok,268,0.37,6.11,99.6269
NEXP3,ok,268,4.19,12.69,88.0597
RPMG3,ok,268,5.3,13.87,80.9701
CRPG5,ok,268,9.8,18.61,75.7463
AVLL3,ok,268,0.67,7.77,99.2537
ISAE3,ok,268,5.93,15.19,83.5821
CEBR3,ok,268,5.4,10.37,70.5224
EKTR4,ok,268,1.03,8.37,98.1343
OSXB3,ok,268,9.4,20.48,77.9851
PLAS3,ok,268,1.15,9.58,98.5075
VSTE3,ok,268,3.51,15.5,94.7761
EUCA3,ok,268,3.39,15.37,95.1493
FESA3,ok,268,2.1,12.27,97.0149
CLSC4,ok,268,5.13,14.99,88.4328
BMIN4,ok,268,1.39,9.11,97.0149
BGIP4,ok,268,2.74,13.74,95.8955
PATI3,ok,268,1.93,12.12,97.3881
MNDL3,ok,268,1.46,10.74,98.1343
TELB3,ok,268,3.99,13.61,91.4179
CGAS5,ok,268,5.37,12.53,76.8657
MTSA4,ok,268,1.08,7.47,97.0149
TKNO4,ok,268,0.37,6.11,99.6269
BNBR3,ok,268,1.76,11.77,97.7612
MRSA3B,ok,268,0.37,6.11,99.6269
EALT3,ok,268,0.63,6.57,98.5075
CEDO3,ok,268,0.37,6.11,99.6269
CTSA4,ok,268,2.46,10.11,92.1642
BGIP3,ok,268,0.64,7.48,99.2537
GEPA4,ok,268,1.98,12.25,97.3881
PATI4,ok,268,0.37,6.11,99.6269
CEDO4,ok,268,1.53,9.8,97.3881
RPAD5,ok,268,0.37,6.11,99.6269
DOHL4,ok,268,1.57,11.47,98.1343
DTCY3,vazio,0,,,
BMKS3,ok,268,2.04,10.36,95.1493
SNSY5,vazio,0,,,
JFEN3,ok,268,7.5,13.69,64.9254
PPLA11,ok,268,0.64,7.48,99.2537
PEAB4,ok,268,1.65,11.33,97.7612
CEEB3,ok,268,1.56,9.54,96.6418
AHEB3,ok,268,0.7,8.08,99.2537
GSHP3,ok,268,0.59,7.08,99.2537
GEPA3,ok,268,0.66,7.73,99.2537
BRKM6,ok,268,0.69,7.96,99.2537
ENMT3,ok,268,1.32,10.77,98.5075
WLMM3,vazio,0,,,
BDLL4,ok,268,0.69,8.0,99.2537
SOND5,vazio,0,,,
CTKA3,vazio,0,,,
ESTR4,ok,268,1.26,9.56,98.1343
CBEE3,ok,268,0.85,7.59,98.5075
PTNT3,ok,268,2.28,13.16,97.0149
EQMA3B,ok,268,0.37,6.11,99.6269
UNIP5,ok,268,4.44,16.12,92.1642
AXIA5,vazio,0,,,
HETA4,ok,268,0.94,8.9,98.8806
PEAB3,ok,268,0.37,6.11,99.6269
CGAS3,ok,268,2.9,12.8,94.0299
RPAD3,ok,268,0.74,8.58,99.2537
HBTS5,ok,268,0.72,7.29,98.8806
BRSR5,ok,268,0.71,8.24,99.2537
CRPG6,ok,268,0.95,9.0,98.8806
AFLT3,ok,268,0.37,6.11,99.6269
