ticker_b3,svi_adf_stat,svi_adf_pvalor,svi_estacionario,svi_diff_adf_stat,svi_diff_adf_pvalor,svi_diff_estacionario,svi_log_dev_adf_stat,svi_log_dev_adf_pvalor,svi_log_dev_estacionario,svi_exp_dev_adf_stat,svi_exp_dev_adf_pvalor,svi_exp_dev_estacionario
AALR3,-2.6382,0.0854,False,-7.0625,0.0,True,-5.4301,0.0,True,-6.9658,0.0,True
ABCB4,-2.9666,0.0381,True,-7.0119,0.0,True,-11.5187,0.0,True,-11.6687,0.0,True
ABEV3,-6.6106,0.0,True,-9.6696,0.0,True,-10.9775,0.0,True,-8.9562,0.0,True
AERI3,-5.9766,0.0,True,-10.0141,0.0,True,-13.1947,0.0,True,-12.1619,0.0,True
AFLT3,-16.3401,0.0,True,-8.5907,0.0,True,-16.0935,0.0,True,-16.0935,0.0,True
AGRO3,-2.025,0.2757,False,-11.9549,0.0,True,-10.157,0.0,True,-10.2528,0.0,True
AHEB3,-24.8421,0.0,True,-8.8035,0.0,True,-16.0935,0.0,True,-16.0935,0.0,True
ALOS3,1.0172,0.9944,False,-6.109,0.0,True,-6.2172,0.0,True,-4.4698,0.0002,True
ALPA3,-15.4185,0.0,True,-7.9405,0.0,True,-12.6458,0.0,True,-15.1865,0.0,True
ALPA4,-15.5484,0.0,True,-7.8886,0.0,True,-8.8477,0.0,True,-15.6526,0.0,True
ALPK3,-3.0818,0.0279,True,-10.6121,0.0,True,-10.9711,0.0,True,-12.5011,0.0,True
ALUP11,-2.1381,0.2295,False,-13.2001,0.0,True,-11.9873,0.0,True,-10.5793,0.0,True
ALUP3,-3.0913,0.0272,True,-13.279,0.0,True,-12.2477,0.0,True,-13.4238,0.0,True
ALUP4,-2.1236,0.2351,False,-11.7057,0.0,True,-7.6422,0.0,True,-5.9614,0.0,True
AMAR3,-1.9503,0.3088,False,-7.7766,0.0,True,-3.3035,0.0147,True,-10.7487,0.0,True
AMBP3,-5.1441,0.0,True,-9.0217,0.0,True,-7.401,0.0,True,-8.134,0.0,True
AMER3,-5.862,0.0,True,-9.6158,0.0,True,-8.299,0.0,True,-5.9611,0.0,True
ANIM3,-2.148,0.2257,False,-11.1345,0.0,True,-10.0842,0.0,True,-11.8273,0.0,True
AVLL3,-2.7807,0.0611,False,-13.5242,0.0,True,-2.6947,0.075,False,-2.7392,0.0675,False
AXIA3,-1.9692,0.3003,False,-3.7914,0.003,True,-4.6184,0.0001,True,-8.173,0.0,True
AXIA6,-3.8937,0.0021,True,-4.1664,0.0008,True,-5.775,0.0,True,-4.4432,0.0002,True
AZEV3,-2.0155,0.2798,False,-6.9409,0.0,True,-4.4023,0.0003,True,-8.0631,0.0,True
AZEV4,-3.4093,0.0106,True,-9.1014,0.0,True,-10.1839,0.0,True,-8.2314,0.0,True
AZZA3,-1.1264,0.7044,False,-7.6926,0.0,True,-5.9056,0.0,True,-4.6294,0.0001,True
B3SA3,-1.4346,0.5656,False,-6.5768,0.0,True,-8.5206,0.0,True,-7.7194,0.0,True
BALM4,-16.4006,0.0,True,-8.5907,0.0,True,-16.1564,0.0,True,-16.1549,0.0,True
BAZA3,-6.3572,0.0,True,-6.2249,0.0,True,-11.4618,0.0,True,-12.0549,0.0,True
BBAS3,-3.1058,0.0261,True,-3.9405,0.0018,True,-4.6443,0.0001,True,-7.9862,0.0,True
BBDC3,-4.3221,0.0004,True,-9.8369,0.0,True,-9.5156,0.0,True,-10.233,0.0,True
BBDC4,-7.8957,0.0,True,-8.2342,0.0,True,-9.8659,0.0,True,-11.2352,0.0,True
BBSE3,-2.404,0.1406,False,-5.8623,0.0,True,-5.5509,0.0,True,-10.4017,0.0,True
BDLL4,-16.4013,0.0,True,-8.6553,0.0,True,-16.0935,0.0,True,-16.0935,0.0,True
BEEF3,-3.295,0.0151,True,-7.9035,0.0,True,-10.3558,0.0,True,-11.689,0.0,True
BEES3,-2.984,0.0364,True,-10.3563,0.0,True,-9.3175,0.0,True,-6.9349,0.0,True
BEES4,-4.4759,0.0002,True,-10.7223,0.0,True,-6.8192,0.0,True,-6.8379,0.0,True
BGIP3,-16.3987,0.0,True,-8.5907,0.0,True,-16.1563,0.0,True,-16.1529,0.0,True
BGIP4,-14.5952,0.0,True,-8.9372,0.0,True,-13.6427,0.0,True,-14.0949,0.0,True
BHIA3,-2.3728,0.1496,False,-11.2424,0.0,True,-5.3988,0.0,True,-6.2585,0.0,True
BIOM3,-4.4277,0.0003,True,-7.0388,0.0,True,-6.6473,0.0,True,-5.018,0.0,True
BMEB3,-4.5979,0.0001,True,-10.7968,0.0,True,-6.2082,0.0,True,-4.205,0.0006,True
BMEB4,-1.6392,0.4627,False,-6.9388,0.0,True,-4.4805,0.0002,True,-11.7412,0.0,True
BMGB4,-3.2488,0.0173,True,-8.9575,0.0,True,-9.9557,0.0,True,-7.1813,0.0,True
BMIN4,-13.4537,0.0,True,-9.1899,0.0,True,-5.9876,0.0,True,-13.8759,0.0,True
BMKS3,-6.4825,0.0,True,-10.7803,0.0,True,-12.8479,0.0,True,-6.3436,0.0,True
BNBR3,-14.347,0.0,True,-8.4152,0.0,True,-13.881,0.0,True,-14.1375,0.0,True
BOBR4,-3.1122,0.0257,True,-8.3272,0.0,True,-9.1189,0.0,True,-9.6073,0.0,True
BPAC11,-2.4668,0.1238,False,-7.0469,0.0,True,-4.7168,0.0001,True,-4.2169,0.0006,True
BPAC3,-2.611,0.0907,False,-5.8882,0.0,True,-8.3857,0.0,True,-13.3098,0.0,True
BPAC5,-13.159,0.0,True,-9.0423,0.0,True,-3.7407,0.0036,True,-12.9644,0.0,True
BRAP3,-2.9797,0.0368,True,-5.4468,0.0,True,-5.572,0.0,True,-3.0521,0.0303,True
BRAP4,-3.3025,0.0148,True,-11.765,0.0,True,-6.7866,0.0,True,-5.9409,0.0,True
BRAV3,-1.1782,0.6829,False,-8.8204,0.0,True,-5.5942,0.0,True,-3.899,0.002,True
BRKM3,-8.7307,0.0,True,-7.3369,0.0,True,-7.9132,0.0,True,-9.2767,0.0,True
BRKM5,-9.2864,0.0,True,-8.2805,0.0,True,-10.1371,0.0,True,-9.3163,0.0,True
BRKM6,-16.4012,0.0,True,-8.5907,0.0,True,-16.1564,0.0,True,-16.1555,0.0,True
BRSR3,-8.6689,0.0,True,-8.3032,0.0,True,-3.0107,0.0339,True,-14.6875,0.0,True
BRSR5,-16.4019,0.0,True,-9.0921,0.0,True,-16.1565,0.0,True,-16.1562,0.0,True
BRSR6,-2.3562,0.1545,False,-9.2455,0.0,True,-4.7572,0.0001,True,-4.2909,0.0005,True
BSLI3,-5.0614,0.0,True,-9.2597,0.0,True,-2.0176,0.2789,False,-13.9176,0.0,True
CAMB3,-1.5058,0.5306,False,-8.2493,0.0,True,-9.2548,0.0,True,-13.6805,0.0,True
CAML3,-3.4909,0.0082,True,-10.4784,0.0,True,-12.0887,0.0,True,-10.9399,0.0,True
CASH3,-2.1475,0.2259,False,-11.6448,0.0,True,-8.6292,0.0,True,-3.7811,0.0031,True
CBEE3,-11.5252,0.0,True,-10.7837,0.0,True,-12.0465,0.0,True,-11.3532,0.0,True
CEAB3,-7.0655,0.0,True,-11.3873,0.0,True,-7.5794,0.0,True,-11.6204,0.0,True
CEBR3,-11.7011,0.0,True,-11.1088,0.0,True,-10.1199,0.0,True,-12.1266,0.0,True
CEBR5,-15.058,0.0,True,-12.9445,0.0,True,-15.1004,0.0,True,-14.8684,0.0,True
CEBR6,-6.9649,0.0,True,-12.0178,0.0,True,-7.9464,0.0,True,-7.5608,0.0,True
CEDO3,-16.3401,0.0,True,-28.1425,0.0,True,-16.0935,0.0,True,-16.0935,0.0,True
CEDO4,-13.5328,0.0,True,-9.292,0.0,True,-3.0559,0.03,True,-10.8525,0.0,True
CEEB3,-12.8569,0.0,True,-8.6251,0.0,True,-7.4522,0.0,True,-7.7652,0.0,True
CGAS3,-13.2111,0.0,True,-7.6343,0.0,True,-12.5894,0.0,True,-12.4626,0.0,True
CGAS5,-12.7299,0.0,True,-8.0144,0.0,True,-7.8449,0.0,True,-13.5094,0.0,True
CGRA3,-13.8427,0.0,True,-10.0026,0.0,True,-8.1392,0.0,True,-13.9841,0.0,True
CGRA4,-14.7687,0.0,True,-8.5611,0.0,True,-13.5798,0.0,True,-12.2504,0.0,True
CLSC4,-14.9844,0.0,True,-8.2352,0.0,True,-14.3719,0.0,True,-14.6181,0.0,True
CMIG3,-4.0048,0.0014,True,-9.7569,0.0,True,-6.8356,0.0,True,-9.8873,0.0,True
CMIG4,-1.6236,0.4708,False,-6.5553,0.0,True,-7.936,0.0,True,-7.7173,0.0,True
COCE5,-11.44,0.0,True,-9.2258,0.0,True,-16.8865,0.0,True,-17.1303,0.0,True
COGN3,-5.2936,0.0,True,-9.366,0.0,True,-8.9463,0.0,True,-8.9226,0.0,True
CPFE3,-3.323,0.0139,True,-7.1072,0.0,True,-4.058,0.0011,True,-3.6046,0.0057,True
CPLE3,-2.3229,0.1647,False,-11.1617,0.0,True,-9.3561,0.0,True,-11.3918,0.0,True
CRPG5,-3.6433,0.005,True,-9.4798,0.0,True,-3.5997,0.0058,True,-12.0214,0.0,True
CRPG6,-16.4615,0.0,True,-8.5907,0.0,True,-16.22,0.0,True,-16.2168,0.0,True
CSAN3,-2.9467,0.0402,True,-11.8896,0.0,True,-8.1636,0.0,True,-10.6142,0.0,True
CSMG3,-2.203,0.2052,False,-11.5157,0.0,True,-11.2345,0.0,True,-11.4154,0.0,True
CSNA3,-4.4886,0.0002,True,-8.7636,0.0,True,-10.2447,0.0,True,-10.0024,0.0,True
CSUD3,-1.5405,0.5134,False,-6.6954,0.0,True,-12.1748,0.0,True,-10.5564,0.0,True
CTKA4,-16.4587,0.0,True,-8.5907,0.0,True,-16.2199,0.0,True,-16.2139,0.0,True
CTSA3,-10.4991,0.0,True,-7.982,0.0,True,-9.7621,0.0,True,-10.3438,0.0,True
CTSA4,-8.676,0.0,True,-9.8597,0.0,True,-7.3479,0.0,True,-7.8037,0.0,True
CURY3,-1.5239,0.5217,False,-8.306,0.0,True,-11.6756,0.0,True,-4.5333,0.0002,True
CVCB3,-1.3262,0.6171,False,-7.9582,0.0,True,-8.3941,0.0,True,-8.365,0.0,True
CYRE3,-1.7953,0.3828,False,-10.9149,0.0,True,-11.193,0.0,True,-11.2033,0.0,True
DASA3,-5.2268,0.0,True,-17.4812,0.0,True,-7.6239,0.0,True,-6.8077,0.0,True
DEXP3,-6.4117,0.0,True,-9.9698,0.0,True,-7.0854,0.0,True,-7.7395,0.0,True
DEXP4,-16.3994,0.0,True,-8.5907,0.0,True,-16.1563,0.0,True,-16.1537,0.0,True
DIRR3,-1.1286,0.7035,False,-7.8685,0.0,True,-12.6543,0.0,True,-11.4174,0.0,True
DMVF3,-3.6827,0.0044,True,-10.8597,0.0,True,-8.4753,0.0,True,-7.2803,0.0,True
DOHL4,-15.5876,0.0,True,-6.3034,0.0,True,-15.2442,0.0,True,-10.6633,0.0,True
DXCO3,-2.4179,0.1367,False,-10.3343,0.0,True,-2.2945,0.1737,False,-3.8124,0.0028,True
EALT3,-11.38,0.0,True,-9.7564,0.0,True,-10.5832,0.0,True,-10.5747,0.0,True
EALT4,-4.4394,0.0003,True,-8.138,0.0,True,-8.6213,0.0,True,-9.4542,0.0,True
ECOR3,-2.7478,0.0661,False,-8.6818,0.0,True,-8.018,0.0,True,-7.9019,0.0,True
EGIE3,-4.8365,0.0,True,-9.0792,0.0,True,-7.2711,0.0,True,-10.7453,0.0,True
EKTR4,-16.5307,0.0,True,-9.0718,0.0,True,-16.3455,0.0,True,-16.2871,0.0,True
EMAE4,-11.1704,0.0,True,-12.9065,0.0,True,-7.3129,0.0,True,-11.7451,0.0,True
ENEV3,-2.7739,0.0621,False,-8.974,0.0,True,-11.5518,0.0,True,-8.9735,0.0,True
ENGI11,-6.5608,0.0,True,-9.2179,0.0,True,-8.5231,0.0,True,-1.9981,0.2874,False
ENGI3,-4.9344,0.0,True,-9.4976,0.0,True,-7.3629,0.0,True,-7.0191,0.0,True
ENGI4,-11.3822,0.0,True,-11.8867,0.0,True,-11.461,0.0,True,-12.4596,0.0,True
ENJU3,-2.7564,0.0648,False,-9.6137,0.0,True,-8.9894,0.0,True,-7.4142,0.0,True
ENMT3,-12.439,0.0,True,-9.2109,0.0,True,-16.1564,0.0,True,-16.1557,0.0,True
EPAR3,-5.1218,0.0,True,-6.5184,0.0,True,-5.0195,0.0,True,-4.3988,0.0003,True
EQMA3B,-16.3401,0.0,True,-8.5907,0.0,True,-16.0935,0.0,True,-16.0935,0.0,True
EQPA3,-4.034,0.0012,True,-4.5384,0.0002,True,-4.2168,0.0006,True,-10.163,0.0,True
EQTL3,-3.7328,0.0037,True,-9.7817,0.0,True,-11.561,0.0,True,-11.5662,0.0,True
ESPA3,-2.4701,0.1229,False,-10.6633,0.0,True,-7.6299,0.0,True,-7.7135,0.0,True
ESTR4,-3.3948,0.0111,True,-8.947,0.0,True,-16.3484,0.0,True,-3.3568,0.0125,True
ETER3,-2.7703,0.0626,False,-6.7939,0.0,True,-5.7422,0.0,True,-8.7623,0.0,True
EUCA3,-13.9485,0.0,True,-8.0946,0.0,True,-15.8571,0.0,True,-15.6054,0.0,True
EUCA4,-5.222,0.0,True,-13.3962,0.0,True,-12.9469,0.0,True,-6.8974,0.0,True
EVEN3,-5.4441,0.0,True,-7.0108,0.0,True,-6.9034,0.0,True,-7.4939,0.0,True
EZTC3,-2.762,0.0639,False,-9.0156,0.0,True,-10.9817,0.0,True,-7.9744,0.0,True
FESA3,-15.3316,0.0,True,-10.4524,0.0,True,-15.7289,0.0,True,-16.6989,0.0,True
FESA4,-2.2298,0.1956,False,-6.1597,0.0,True,-8.3213,0.0,True,-3.5746,0.0063,True
FHER3,-3.4074,0.0107,True,-7.776,0.0,True,-10.4552,0.0,True,-11.5366,0.0,True
FICT3,0.7992,0.9916,False,-2.572,0.0989,False,-2.7956,0.0589,False,1.3554,0.9969,False
FLRY3,-4.4281,0.0003,True,-7.7385,0.0,True,-10.4919,0.0,True,-11.4775,0.0,True
FRAS3,-3.3416,0.0131,True,-11.363,0.0,True,-13.2035,0.0,True,-10.689,0.0,True
GEPA3,-16.4003,0.0,True,-8.5907,0.0,True,-16.1564,0.0,True,-16.1546,0.0,True
GEPA4,-16.7123,0.0,True,-9.7448,0.0,True,-17.8967,0.0,True,-18.8082,0.0,True
GFSA3,-9.4874,0.0,True,-8.6391,0.0,True,-7.9941,0.0,True,-9.7821,0.0,True
GGBR3,-1.227,0.6619,False,-7.4876,0.0,True,-11.9339,0.0,True,-4.867,0.0,True
GGBR4,-1.2996,0.6294,False,-8.2201,0.0,True,-7.8839,0.0,True,-10.5374,0.0,True
GMAT3,-2.8738,0.0485,True,-9.8791,0.0,True,-4.8735,0.0,True,-8.0581,0.0,True
GOAU3,-2.39,0.1446,False,-10.5461,0.0,True,-4.9674,0.0,True,-2.5788,0.0975,False
GOAU4,-2.4047,0.1404,False,-11.63,0.0,True,-9.8716,0.0,True,-9.4872,0.0,True
GRND3,-3.5416,0.007,True,-18.5598,0.0,True,-10.4511,0.0,True,-6.9891,0.0,True
GSHP3,-3.4076,0.0107,True,-15.0027,0.0,True,-16.156,0.0,True,-16.1486,0.0,True
HAGA3,-15.1537,0.0,True,-9.7595,0.0,True,-15.6639,0.0,True,-16.1142,0.0,True
HAGA4,-3.8918,0.0021,True,-5.6358,0.0,True,-11.9769,0.0,True,-22.865,0.0,True
HAPV3,-5.539,0.0,True,-9.6641,0.0,True,-8.4649,0.0,True,-7.3382,0.0,True
HBOR3,-3.2476,0.0174,True,-9.3677,0.0,True,-8.1338,0.0,True,-7.4849,0.0,True
HBRE3,-4.3251,0.0004,True,-7.8022,0.0,True,-4.425,0.0003,True,-12.7144,0.0,True
HBSA3,-1.9371,0.3148,False,-8.9397,0.0,True,-6.5499,0.0,True,-1.8927,0.3355,False
HBTS5,-16.4397,0.0,True,-10.9916,0.0,True,-4.5899,0.0001,True,-5.2964,0.0,True
HETA4,-3.9467,0.0017,True,-14.6957,0.0,True,-16.22,0.0,True,-16.2166,0.0,True
HOOT4,-2.5815,0.0969,False,-8.0652,0.0,True,-8.1878,0.0,True,-5.1239,0.0,True
HYPE3,-10.7,0.0,True,-9.8716,0.0,True,-11.3771,0.0,True,-11.4786,0.0,True
INEP3,-1.4993,0.5338,False,-6.9189,0.0,True,-3.9778,0.0015,True,-2.9726,0.0375,True
INEP4,-1.1941,0.6761,False,-9.4572,0.0,True,-8.3486,0.0,True,-9.6066,0.0,True
IRBR3,-1.7443,0.4084,False,-6.8955,0.0,True,-4.9401,0.0,True,-4.6751,0.0001,True
ISAE3,-2.2845,0.177,False,-7.3296,0.0,True,-5.9465,0.0,True,-6.8384,0.0,True
ISAE4,-1.6227,0.4713,False,-3.9906,0.0015,True,-3.8896,0.0021,True,-4.7364,0.0001,True
ITSA3,-6.6819,0.0,True,-8.745,0.0,True,-7.8621,0.0,True,-11.0198,0.0,True
ITSA4,-4.7334,0.0001,True,-4.6923,0.0001,True,-9.1102,0.0,True,-9.1402,0.0,True
ITUB3,-1.2993,0.6295,False,-9.2221,0.0,True,-3.7659,0.0033,True,-4.1782,0.0007,True
ITUB4,-2.9841,0.0364,True,-10.8363,0.0,True,-4.0019,0.0014,True,-3.8476,0.0025,True
JFEN3,-4.8837,0.0,True,-10.0996,0.0,True,-4.3582,0.0004,True,-7.0114,0.0,True
JHSF3,-2.7561,0.0648,False,-5.534,0.0,True,-10.512,0.0,True,-10.6494,0.0,True
JSLG3,-2.0449,0.2673,False,-6.9593,0.0,True,-8.9318,0.0,True,-2.7188,0.0708,False
KEPL3,-1.4246,0.5704,False,-5.3449,0.0,True,-8.0482,0.0,True,-8.5172,0.0,True
KLBN11,-2.3723,0.1497,False,-7.5781,0.0,True,-9.8562,0.0,True,-9.35,0.0,True
KLBN3,-1.7261,0.4177,False,-12.0763,0.0,True,-5.7856,0.0,True,-5.4527,0.0,True
KLBN4,-1.735,0.4132,False,-10.6582,0.0,True,-8.4289,0.0,True,-7.9311,0.0,True
LAVV3,-10.9054,0.0,True,-8.7073,0.0,True,-15.1578,0.0,True,-10.4897,0.0,True
LEVE3,-1.8054,0.3778,False,-7.2675,0.0,True,-4.1938,0.0007,True,-9.6598,0.0,True
LIGT3,-2.7831,0.0607,False,-10.3336,0.0,True,-4.5212,0.0002,True,-9.3692,0.0,True
LJQQ3,-8.033,0.0,True,-9.6929,0.0,True,-10.9672,0.0,True,-9.558,0.0,True
LOGG3,-10.5136,0.0,True,-7.919,0.0,True,-8.2669,0.0,True,-10.4529,0.0,True
LOGN3,-4.8211,0.0,True,-7.97,0.0,True,-8.041,0.0,True,-14.3453,0.0,True
LPSB3,-2.8677,0.0492,True,-6.2107,0.0,True,-8.4371,0.0,True,-3.7625,0.0033,True
LREN3,-7.5612,0.0,True,-9.4367,0.0,True,-10.8042,0.0,True,-10.8671,0.0,True
LUPA3,-2.2275,0.1964,False,-6.909,0.0,True,-7.4389,0.0,True,-4.9198,0.0,True
LUXM4,-16.3401,0.0,True,-28.1425,0.0,True,-16.0935,0.0,True,-16.0935,0.0,True
LWSA3,-4.919,0.0,True,-9.7025,0.0,True,-8.2762,0.0,True,-8.0545,0.0,True
MBRF3,0.476,0.9841,False,-6.8626,0.0,True,-5.383,0.0,True,-7.1644,0.0,True
MDIA3,-3.6855,0.0043,True,-11.1692,0.0,True,-11.1407,0.0,True,-12.7435,0.0,True
MDNE3,-2.3556,0.1547,False,-6.4139,0.0,True,-11.3503,0.0,True,-5.1925,0.0,True
MEAL3,-4.9897,0.0,True,-3.5046,0.0079,True,-3.9105,0.002,True,-5.6308,0.0,True
MELK3,-1.1285,0.7036,False,-9.4767,0.0,True,-5.3859,0.0,True,-7.7813,0.0,True
MGEL4,-16.3401,0.0,True,-8.5907,0.0,True,-16.0935,0.0,True,-16.0935,0.0,True
MGLU3,-1.8754,0.3437,False,-11.4403,0.0,True,-9.8656,0.0,True,-9.8453,0.0,True
MILS3,-2.7842,0.0606,False,-10.6915,0.0,True,-13.0797,0.0,True,-8.1006,0.0,True
MNDL3,-6.5596,0.0,True,-8.0174,0.0,True,-5.6365,0.0,True,-5.6334,0.0,True
MNPR3,-3.095,0.0269,True,-6.8507,0.0,True,-3.7927,0.003,True,-4.569,0.0001,True
MOVI3,-3.683,0.0044,True,-8.3993,0.0,True,-6.9197,0.0,True,-13.854,0.0,True
MRSA3B,-16.3401,0.0,True,-8.5907,0.0,True,-16.0935,0.0,True,-16.0935,0.0,True
MRVE3,-4.6153,0.0001,True,-7.7178,0.0,True,-5.721,0.0,True,-7.9677,0.0,True
MTRE3,-1.5492,0.5091,False,-10.0867,0.0,True,-7.709,0.0,True,-12.966,0.0,True
MTSA4,-16.6243,0.0,True,-8.9172,0.0,True,-10.5506,0.0,True,-16.3823,0.0,True
MULT3,-1.9741,0.298,False,-7.3897,0.0,True,-6.9601,0.0,True,-8.0825,0.0,True
MWET4,-4.7848,0.0001,True,-6.0659,0.0,True,-3.8709,0.0023,True,-13.7846,0.0,True
MYPK3,-3.1293,0.0245,True,-10.4234,0.0,True,-10.8354,0.0,True,-10.5527,0.0,True
NEOE3,-3.0704,0.0288,True,-13.4996,0.0,True,-13.7262,0.0,True,-14.6003,0.0,True
NEXP3,-2.3684,0.1509,False,-6.8966,0.0,True,-5.1688,0.0,True,-7.8421,0.0,True
NGRD3,-7.2996,0.0,True,-9.9701,0.0,True,-4.9481,0.0,True,-2.9316,0.0418,True
NUTR3,-10.7791,0.0,True,-6.9991,0.0,True,-12.3409,0.0,True,-10.6192,0.0,True
ODPV3,0.0309,0.961,False,-3.2517,0.0172,True,-7.0519,0.0,True,-9.2841,0.0,True
OFSA3,-4.5441,0.0002,True,-7.6239,0.0,True,-14.4524,0.0,True,-9.7033,0.0,True
OIBR3,-1.9503,0.3088,False,-10.4561,0.0,True,-7.5672,0.0,True,-7.6587,0.0,True
OIBR4,-2.8598,0.0502,False,-9.4786,0.0,True,-10.6581,0.0,True,-11.1161,0.0,True
OSXB3,-3.3613,0.0124,True,-12.0405,0.0,True,-11.9435,0.0,True,-13.9353,0.0,True
PATI3,-12.7497,0.0,True,-8.7169,0.0,True,-12.2409,0.0,True,-12.5637,0.0,True
PATI4,-16.3401,0.0,True,-28.1425,0.0,True,-16.0935,0.0,True,-16.0935,0.0,True
PCAR3,-4.8884,0.0,True,-6.785,0.0,True,-6.2608,0.0,True,-11.2098,0.0,True
PDGR3,-5.4143,0.0,True,-9.3399,0.0,True,-7.5378,0.0,True,-8.425,0.0,True
PDTC3,-2.2159,0.2005,False,-7.0062,0.0,True,-8.2393,0.0,True,-11.7709,0.0,True
PEAB3,-16.3401,0.0,True,-8.5907,0.0,True,-16.0935,0.0,True,-16.0935,0.0,True
PEAB4,-6.4801,0.0,True,-13.7763,0.0,True,-6.0477,0.0,True,-5.7903,0.0,True
PETR3,-3.7099,0.004,True,-9.5368,0.0,True,-7.3796,0.0,True,-6.9012,0.0,True
PETR4,-4.4909,0.0002,True,-9.1856,0.0,True,-7.247,0.0,True,-7.0255,0.0,True
PFRM3,-5.2602,0.0,True,-11.6617,0.0,True,-8.0617,0.0,True,-8.7784,0.0,True
PGMN3,-5.3487,0.0,True,-9.397,0.0,True,-13.0458,0.0,True,-12.239,0.0,True
PINE3,-13.0429,0.0,True,-8.494,0.0,True,-14.3198,0.0,True,-12.8539,0.0,True
PINE4,-2.9737,0.0374,True,-9.4223,0.0,True,-7.058,0.0,True,-5.4421,0.0,True
PLAS3,-4.2277,0.0006,True,-12.728,0.0,True,-16.2198,0.0,True,-16.2135,0.0,True
PLPL3,-5.7867,0.0,True,-9.4062,0.0,True,-5.6342,0.0,True,-8.2283,0.0,True
PMAM3,-5.5966,0.0,True,-11.1177,0.0,True,-7.5463,0.0,True,-7.9626,0.0,True
PNVL3,-2.3801,0.1474,False,-9.4429,0.0,True,-4.3188,0.0004,True,-4.1753,0.0007,True
POMO3,-0.287,0.9273,False,-7.298,0.0,True,-14.3066,0.0,True,-11.349,0.0,True
POMO4,-3.4152,0.0105,True,-7.8831,0.0,True,-9.1248,0.0,True,-8.275,0.0,True
POSI3,-4.7013,0.0001,True,-6.0119,0.0,True,-10.1629,0.0,True,-9.9228,0.0,True
PPLA11,-16.3987,0.0,True,-8.752,0.0,True,-16.0935,0.0,True,-16.0935,0.0,True
PRIO3,-7.8921,0.0,True,-11.8999,0.0,True,-9.9173,0.0,True,-9.5144,0.0,True
PRNR3,-3.0713,0.0288,True,-10.7334,0.0,True,-13.2448,0.0,True,-8.6426,0.0,True
PSSA3,-2.8437,0.0523,False,-4.4799,0.0002,True,-3.6508,0.0049,True,-3.7004,0.0041,True
PTBL3,-2.1618,0.2204,False,-6.0224,0.0,True,-13.5729,0.0,True,-12.7707,0.0,True
PTNT3,-13.9446,0.0,True,-11.321,0.0,True,-17.8045,0.0,True,-18.2134,0.0,True
PTNT4,-5.5605,0.0,True,-12.3752,0.0,True,-11.0714,0.0,True,-11.0192,0.0,True
QUAL3,-2.7,0.074,False,-8.4745,0.0,True,-7.792,0.0,True,-12.4365,0.0,True
RADL3,-2.7555,0.0649,False,-4.6021,0.0001,True,-2.8874,0.0468,True,-2.735,0.0682,False
RAIL3,-4.0101,0.0014,True,-8.8552,0.0,True,-11.2863,0.0,True,-11.3489,0.0,True
RANI3,-3.8333,0.0026,True,-10.8947,0.0,True,-7.8338,0.0,True,-6.1847,0.0,True
RAPT3,-5.9767,0.0,True,-7.7238,0.0,True,-6.7537,0.0,True,-6.8019,0.0,True
RAPT4,-2.4331,0.1326,False,-8.9775,0.0,True,-12.4839,0.0,True,-7.658,0.0,True
RCSL3,-4.9142,0.0,True,-8.6517,0.0,True,-6.7881,0.0,True,-5.0029,0.0,True
RCSL4,-2.3394,0.1596,False,-10.5511,0.0,True,-7.9029,0.0,True,-3.6633,0.0047,True
RDOR3,-3.9244,0.0019,True,-8.9693,0.0,True,-8.1112,0.0,True,-11.3942,0.0,True
REDE3,-11.0775,0.0,True,-7.3706,0.0,True,-10.6988,0.0,True,-10.8106,0.0,True
RENT3,-4.0153,0.0013,True,-8.1942,0.0,True,-10.9814,0.0,True,-10.2061,0.0,True
RNEW3,-4.2053,0.0006,True,-10.9507,0.0,True,-6.8133,0.0,True,-7.8831,0.0,True
RNEW4,-4.9571,0.0,True,-8.6805,0.0,True,-7.1889,0.0,True,-7.3371,0.0,True
ROMI3,-5.1882,0.0,True,-4.7641,0.0001,True,-11.5694,0.0,True,-11.7325,0.0,True
RPAD3,-22.9508,0.0,True,-8.7695,0.0,True,-16.0935,0.0,True,-16.0935,0.0,True
RPAD5,-16.3401,0.0,True,-8.5907,0.0,True,-16.0935,0.0,True,-16.0935,0.0,True
RPAD6,-16.3401,0.0,True,-8.5907,0.0,True,-16.0935,0.0,True,-16.0935,0.0,True
RPMG3,-2.152,0.2241,False,-8.336,0.0,True,-13.296,0.0,True,-3.6514,0.0049,True
RSID3,-2.5205,0.1106,False,-5.2867,0.0,True,-5.8121,0.0,True,-2.1456,0.2266,False
RSUL4,-5.5598,0.0,True,-8.9076,0.0,True,-5.4506,0.0,True,-5.4871,0.0,True
SANB11,-1.4086,0.5782,False,-9.8699,0.0,True,-5.0029,0.0,True,-4.9432,0.0,True
SANB3,-1.5986,0.4843,False,-10.5101,0.0,True,-7.493,0.0,True,-4.7351,0.0001,True
SANB4,-1.2077,0.6703,False,-7.7539,0.0,True,-5.1735,0.0,True,-7.8525,0.0,True
SAPR11,-3.9502,0.0017,True,-12.6966,0.0,True,-6.8575,0.0,True,-6.721,0.0,True
SAPR3,-2.1992,0.2065,False,-10.0142,0.0,True,-6.2373,0.0,True,-7.7219,0.0,True
SAPR4,-4.8159,0.0001,True,-11.3154,0.0,True,-10.4891,0.0,True,-6.6524,0.0,True
SBFG3,-5.1872,0.0,True,-9.0699,0.0,True,-11.2261,0.0,True,-13.5468,0.0,True
SBSP3,-4.8912,0.0,True,-10.0433,0.0,True,-8.6645,0.0,True,-11.2981,0.0,True
SCAR3,-6.2913,0.0,True,-6.381,0.0,True,-6.0251,0.0,True,-8.833,0.0,True
SEER3,-5.4161,0.0,True,-9.4998,0.0,True,-14.7561,0.0,True,-8.0268,0.0,True
SEQL3,-1.7675,0.3967,False,-7.1564,0.0,True,-11.4823,0.0,True,-10.1895,0.0,True
SHOW3,-2.737,0.0679,False,-10.7493,0.0,True,-4.8806,0.0,True,-7.1599,0.0,True
SHUL4,-3.8978,0.0021,True,-6.9205,0.0,True,-5.1559,0.0,True,-4.4396,0.0003,True
SIMH3,-2.6458,0.0839,False,-7.1767,0.0,True,-6.2761,0.0,True,-10.0909,0.0,True
SLCE3,-3.9132,0.0019,True,-12.3779,0.0,True,-9.4501,0.0,True,-9.259,0.0,True
SMTO3,-3.4609,0.0091,True,-12.8351,0.0,True,-7.0544,0.0,True,-11.4656,0.0,True
SUZB3,-7.6674,0.0,True,-10.676,0.0,True,-8.7149,0.0,True,-7.9335,0.0,True
SYNE3,-7.7602,0.0,True,-9.4348,0.0,True,-5.9139,0.0,True,-8.7241,0.0,True
TAEE11,-2.885,0.0471,True,-6.0386,0.0,True,-9.3012,0.0,True,-9.5642,0.0,True
TAEE3,-2.6334,0.0863,False,-8.6387,0.0,True,-7.0881,0.0,True,-11.3271,0.0,True
TAEE4,-3.2813,0.0157,True,-9.47,0.0,True,-9.7077,0.0,True,-9.581,0.0,True
TASA3,-2.4602,0.1254,False,-8.4468,0.0,True,-11.5874,0.0,True,-11.4309,0.0,True
TASA4,-1.6697,0.4468,False,-8.7099,0.0,True,-7.9001,0.0,True,-7.4849,0.0,True
TCSA3,-2.8488,0.0516,False,-7.8146,0.0,True,-12.554,0.0,True,-5.0398,0.0,True
TECN3,-1.5613,0.503,False,-12.7585,0.0,True,-5.5565,0.0,True,-3.6775,0.0044,True
TELB3,-4.4686,0.0002,True,-14.9584,0.0,True,-6.7035,0.0,True,-5.6013,0.0,True
TELB4,-3.9407,0.0018,True,-6.4016,0.0,True,-8.7019,0.0,True,-4.9351,0.0,True
TEND3,-4.384,0.0003,True,-9.2606,0.0,True,-7.5671,0.0,True,-4.0768,0.0011,True
TFCO4,-14.0864,0.0,True,-6.7295,0.0,True,-7.9693,0.0,True,-14.0068,0.0,True
TGMA3,-2.943,0.0406,True,-8.7241,0.0,True,-7.5954,0.0,True,-12.9586,0.0,True
TIMS3,-6.2132,0.0,True,-7.934,0.0,True,-7.975,0.0,True,-7.5762,0.0,True
TKNO4,-16.3401,0.0,True,-8.5907,0.0,True,-16.0935,0.0,True,-16.0935,0.0,True
TOTS3,-4.8931,0.0,True,-8.844,0.0,True,-7.206,0.0,True,-7.0556,0.0,True
TPIS3,-3.2869,0.0155,True,-6.8332,0.0,True,-5.9742,0.0,True,-10.6515,0.0,True
TRIS3,-1.6952,0.4336,False,-8.1047,0.0,True,-5.5114,0.0,True,-12.4968,0.0,True
TUPY3,-5.3665,0.0,True,-11.2118,0.0,True,-7.6056,0.0,True,-7.287,0.0,True
UCAS3,-4.1012,0.001,True,-10.613,0.0,True,-13.6222,0.0,True,-14.6609,0.0,True
UGPA3,-4.4931,0.0002,True,-9.1449,0.0,True,-7.7113,0.0,True,-7.8713,0.0,True
UNIP3,-4.0766,0.0011,True,-7.7443,0.0,True,-7.2977,0.0,True,-10.3313,0.0,True
UNIP5,-12.4232,0.0,True,-7.4695,0.0,True,-11.6183,0.0,True,-12.8657,0.0,True
UNIP6,-3.4193,0.0103,True,-9.8339,0.0,True,-7.476,0.0,True,-9.101,0.0,True
USIM3,-2.0051,0.2843,False,-6.5003,0.0,True,-1.8769,0.343,False,-13.1875,0.0,True
USIM5,-2.5889,0.0953,False,-7.6706,0.0,True,-7.1677,0.0,True,-9.2659,0.0,True
VALE3,-4.3208,0.0004,True,-10.8251,0.0,True,-9.8072,0.0,True,-9.7887,0.0,True
VAMO3,-1.5228,0.5222,False,-7.3156,0.0,True,-8.6808,0.0,True,-11.9786,0.0,True
VBBR3,-2.5816,0.0969,False,-11.432,0.0,True,-7.3379,0.0,True,-5.609,0.0,True
VIVA3,-9.095,0.0,True,-8.4959,0.0,True,-7.8804,0.0,True,-9.8823,0.0,True
VIVR3,-2.5278,0.1089,False,-5.7243,0.0,True,-8.6164,0.0,True,-8.3971,0.0,True
VIVT3,-3.7252,0.0038,True,-10.0159,0.0,True,-8.5146,0.0,True,-8.6976,0.0,True
VLID3,-5.035,0.0,True,-8.7477,0.0,True,-12.6884,0.0,True,-3.2036,0.0198,True
VSTE3,-2.9708,0.0377,True,-6.4515,0.0,True,-2.6229,0.0884,False,-8.2935,0.0,True
VULC3,-0.2185,0.9363,False,-12.8172,0.0,True,-13.0095,0.0,True,-11.7293,0.0,True
WEGE3,-4.3509,0.0004,True,-6.4981,0.0,True,-4.1294,0.0009,True,-3.911,0.002,True
WHRL3,-12.3049,0.0,True,-14.7327,0.0,True,-20.2567,0.0,True,-22.2338,0.0,True
WHRL4,-6.7236,0.0,True,-8.8484,0.0,True,-13.1451,0.0,True,-14.8775,0.0,True
WIZC3,-1.6301,0.4674,False,-5.3698,0.0,True,-5.3649,0.0,True,-4.4684,0.0002,True
WLMM4,-16.5905,0.0,True,-8.5907,0.0,True,-16.3499,0.0,True,-16.3479,0.0,True
YDUQ3,-3.6783,0.0044,True,-9.7426,0.0,True,-8.9769,0.0,True,-10.7071,0.0,True
