ticker_b3,ticker_yf,long_name,sector,industry,market_cap,currency,erro
AALR3,AALR3.SA,Alliança Saúde e Participações S.A.,Healthcare,Diagnostics & Research,456965632.0,BRL,
ABCB4,ABCB4.SA,Banco ABC Brasil S.A.,Financial Services,Banks - Regional,6087492096.0,BRL,
ABEV3,ABEV3.SA,Ambev S.A.,Consumer Defensive,Beverages - Brewers,250408910848.0,BRL,
AERI3,AERI3.SA,Aeris Indústria e Comércio de Equipamentos para Geração de Energia S.A.,Industrials,Specialty Industrial Machinery,139519696.0,BRL,
AFLT3,AFLT3.SA,Afluente Transmissão de Energia Elétrica S.A.,Utilities,Utilities - Regulated Electric,480705408.0,BRL,
AGRO3,AGRO3.SA,BrasilAgro - Companhia Brasileira de Propriedades Agrícolas,Consumer Defensive,Farm Products,1857828224.0,BRL,
AHEB3,AHEB3.SA,São Paulo Turismo S.A.,Consumer Cyclical,Travel Services,205026672.0,BRL,
ALOS3,ALOS3.SA,Allos S.A.,Real Estate,Real Estate Services,13432872960.0,BRL,
ALPA3,ALPA3.SA,Alpargatas S.A.,Consumer Cyclical,Footwear & Accessories,6540714496.0,BRL,
ALPA4,ALPA4.SA,Alpargatas S.A.,Consumer Cyclical,Footwear & Accessories,8218343424.0,BRL,
ALUP11,ALUP11.SA,Alupar Investimento S.A.,Utilities,Utilities - Renewable,15211479040.0,BRL,
AMAR3,AMAR3.SA,Marisa Lojas S.A.,Consumer Cyclical,Apparel Retail,287553696.0,BRL,
AMBP3,AMBP3.SA,Ambipar Participações e Empreendimentos S.A.,Industrials,Waste Management,267086304.0,BRL,
AMER3,AMER3.SA,Americanas S.A.,Consumer Cyclical,Internet Retail,943150400.0,BRL,
ANIM3,ANIM3.SA,Ânima Holding S.A.,Consumer Defensive,Education & Training Services,1152473600.0,BRL,
AXIA3,AXIA3.SA,AXIA Energia SA,Utilities,Utilities - Renewable,113620852736.0,BRL,
AXIA6,AXIA6.SA,AXIA Energia SA,Utilities,Utilities - Renewable,125450723328.0,BRL,
AZEV3,AZEV3.SA,Azevedo & Travassos S.A.,Industrials,Engineering & Construction,88913344.0,BRL,
AZEV4,AZEV4.SA,Azevedo & Travassos S.A.,Industrials,Engineering & Construction,71130672.0,BRL,
AZZA3,AZZA3.SA,Azzas 2154 S.A.,Consumer Cyclical,Footwear & Accessories,3454624768.0,BRL,
B3SA3,B3SA3.SA,"B3 S.A. - Brasil, Bolsa, Balcão",Financial Services,Financial Data & Stock Exchanges,76265070592.0,BRL,
BALM4,BALM4.SA,Baumer S.A.,Healthcare,Medical Instruments & Supplies,184927232.0,BRL,
BAZA3,BAZA3.SA,Banco da Amazônia S.A.,Financial Services,Banks - Regional,3728438784.0,BRL,
BBAS3,BBAS3.SA,Banco do Brasil S.A.,Financial Services,Banks - Regional,109035978752.0,BRL,
BBDC3,BBDC3.SA,Banco Bradesco S.A.,Financial Services,Banks - Regional,169874309120.0,BRL,
BBDC4,BBDC4.SA,Banco Bradesco S.A.,Financial Services,Banks - Regional,181816262656.0,BRL,
BBSE3,BBSE3.SA,BB Seguridade Participações S.A.,Financial Services,Insurance - Diversified,69632581632.0,BRL,
BDLL4,BDLL4.SA,Bardella S.A. Indústrias Mecânicas,Industrials,Specialty Industrial Machinery,6368000.0,BRL,
BEEF3,BEEF3.SA,Minerva S.A.,Consumer Defensive,Packaged Foods,3594265344.0,BRL,
BEES3,BEES3.SA,Banestes S.A - Banco do Estado do Espírito Santo,Financial Services,Banks - Regional,2971160576.0,BRL,
BEES4,BEES4.SA,Banestes S.A - Banco do Estado do Espírito Santo,Financial Services,Banks - Regional,3046744576.0,BRL,
BGIP3,BGIP3.SA,Banco do Estado de Sergipe S.A.,Financial Services,Banks - Regional,1214099456.0,BRL,
BGIP4,BGIP4.SA,Banco do Estado de Sergipe S.A.,Financial Services,Banks - Regional,703762240.0,BRL,
BHIA3,BHIA3.SA,Grupo Casas Bahia S.A.,Consumer Cyclical,Specialty Retail,1200295552.0,BRL,
BIOM3,BIOM3.SA,Biomm S.A.,Healthcare,Biotechnology,916911616.0,BRL,
BMEB4,BMEB4.SA,Banco Mercantil do Brasil S.A.,Financial Services,Banks - Regional,9747030016.0,BRL,
BMGB4,BMGB4.SA,Banco BMG S.A.,Financial Services,Banks - Regional,3234277376.0,BRL,
BMIN4,BMIN4.SA,Banco Mercantil de Investimentos S.A.,Financial Services,Banks - Regional,86371080.0,BRL,
BMKS3,BMKS3.SA,Bicicletas Monark S.A.,Consumer Cyclical,Leisure,172577632.0,BRL,
BOBR4,BOBR4.SA,Bombril S.A.,Consumer Defensive,Household & Personal Products,338662560.0,BRL,
BPAC11,BPAC11.SA,Banco BTG Pactual S.A.,Financial Services,Capital Markets,170162782208.0,BRL,
BPAC3,BPAC3.SA,Banco BTG Pactual S.A.,Financial Services,Capital Markets,255044288512.0,BRL,
BPAC5,BPAC5.SA,Banco BTG Pactual S.A.,Financial Services,Capital Markets,194324971520.0,BRL,
BRAP3,BRAP3.SA,Bradespar S.A.,Financial Services,Asset Management,7417733120.0,BRL,
BRAV3,BRAV3.SA,Brava Energia S.A.,Energy,Oil & Gas E&P,9876186112.0,BRL,
BRKM3,BRKM3.SA,Braskem S.A.,Basic Materials,Chemicals,5618627072.0,BRL,
BRKM5,BRKM5.SA,Braskem S.A.,Basic Materials,Chemicals,7093018112.0,BRL,
BRKM6,BRKM6.SA,Braskem S.A.,Basic Materials,Chemicals,11189436416.0,BRL,
BRSR5,BRSR5.SA,Banco do Estado do Rio Grande do Sul S.A.,Financial Services,Banks - Regional,6956655616.0,BRL,
BRSR6,BRSR6.SA,Banco do Estado do Rio Grande do Sul S.A.,Financial Services,Banks - Regional,5840155136.0,BRL,
CAMB3,CAMB3.SA,Cambuci S.A.,Consumer Cyclical,Leisure,397475936.0,BRL,
CAML3,CAML3.SA,Camil Alimentos S.A.,Consumer Defensive,Packaged Foods,1674659712.0,BRL,
CASH3,CASH3.SA,Méliuz S.A.,Communication Services,Internet Content & Information,422333344.0,BRL,
CEBR3,CEBR3.SA,CEB         ON,Utilities,Utilities - Regulated Electric,,BRL,
CEBR5,CEBR5.SA,Companhia Energética de Brasília - CEB,Utilities,Utilities - Regulated Electric,1758798592.0,BRL,
CEBR6,CEBR6.SA,Companhia Energética de Brasília - CEB,Utilities,Utilities - Regulated Electric,2054334464.0,BRL,
CEDO4,CEDO4.SA,Companhia de Fiação e Tecidos Cedro e Cachoeira S.A.,Consumer Cyclical,Textile Manufacturing,49755496.0,BRL,
CGAS3,CGAS3.SA,Companhia de Gás de São Paulo - COMGÁS,Utilities,Utilities - Regulated Gas,16432551936.0,BRL,
CGRA4,CGRA4.SA,Grazziotin S.A.,Consumer Cyclical,Department Stores,590604160.0,BRL,
CMIG3,CMIG3.SA,Companhia Energética de Minas Gerais - CEMIG,Utilities,Utilities - Regulated Electric,45027135488.0,BRL,
CMIG4,CMIG4.SA,Companhia Energética de Minas Gerais - CEMIG,Utilities,Utilities - Regulated Electric,30780938240.0,BRL,
COCE5,COCE5.SA,Companhia Energética do Ceará - COELCE,Utilities,Utilities - Regulated Electric,2722828544.0,BRL,
COGN3,COGN3.SA,Cogna Educação S.A.,Consumer Defensive,Education & Training Services,4714384384.0,BRL,
CPFE3,CPFE3.SA,CPFL Energia S.A.,Utilities,Utilities - Regulated Electric,49189740544.0,BRL,
CPLE3,CPLE3.SA,Companhia Paranaense de Energia - COPEL,Utilities,Utilities - Regulated Electric,42761920512.0,BRL,
CRPG5,CRPG5.SA,Tronox Pigmentos do Brasil S.A.,Basic Materials,Chemicals,421062048.0,BRL,
CRPG6,CRPG6.SA,Tronox Pigmentos do Brasil S.A.,Basic Materials,Chemicals,464590176.0,BRL,
CSAN3,CSAN3.SA,Cosan S.A.,Energy,Oil & Gas Refining & Marketing,13522314240.0,BRL,
CSMG3,CSMG3.SA,Companhia de Saneamento de Minas Gerais,Utilities,Utilities - Regulated Water,21685385216.0,BRL,
CSUD3,CSUD3.SA,CSU Digital S.A.,Technology,Software - Infrastructure,694261952.0,BRL,
CTKA4,CTKA4.SA,Karsten S.A.,Consumer Cyclical,Textile Manufacturing,209865776.0,BRL,
CTSA3,CTSA3.SA,Companhia Tecidos Santanense Ltda.,Consumer Cyclical,Textile Manufacturing,13912390.0,BRL,
CTSA4,CTSA4.SA,Companhia Tecidos Santanense Ltda.,Consumer Cyclical,Textile Manufacturing,11321713.0,BRL,
CURY3,CURY3.SA,Cury Construtora e Incorporadora S.A.,Real Estate,Real Estate - Development,8930298880.0,BRL,
CYRE3,CYRE3.SA,Cyrela Brazil Realty S.A. Empreendimentos e Participações,Consumer Cyclical,Residential Construction,7381889024.0,BRL,
DASA3,DASA3.SA,Diagnósticos da América S.A.,Healthcare,Diagnostics & Research,3324477440.0,BRL,
DEXP3,DEXP3.SA,Dexxos Participações S.A.,Basic Materials,Chemicals,836951360.0,BRL,
DEXP4,DEXP4.SA,Dexxos Participações S.A.,Basic Materials,Chemicals,840564096.0,BRL,
DIRR3,DIRR3.SA,Direcional Engenharia S.A.,Real Estate,Real Estate - Development,6397548032.0,BRL,
DMVF3,DMVF3.SA,d1000 Varejo Farma Participações S.A.,Healthcare,Pharmaceutical Retailers,347135488.0,BRL,
DOHL4,DOHL4.SA,Döhler S.A.,Consumer Cyclical,Textile Manufacturing,278151552.0,BRL,
EALT3,EALT3.SA,Electro Aço Altona S.A.,Industrials,Metal Fabrication,297827968.0,BRL,
EALT4,EALT4.SA,Electro Aço Altona S.A.,Industrials,Metal Fabrication,271555712.0,BRL,
ECOR3,ECOR3.SA,EcoRodovias Infraestrutura e Logística S.A.,Industrials,Infrastructure Operations,5001517056.0,BRL,
EGIE3,EGIE3.SA,Engie Brasil Energia S.A.,Utilities,Utilities - Renewable,38175625216.0,BRL,
EKTR4,EKTR4.SA,Elektro Redes S.A.,Utilities,Utilities - Regulated Electric,7333787648.0,BRL,
EMAE4,EMAE4.SA,Empresa Metropolitana de Águas e Energia S.A.,Utilities,Utilities - Diversified,1385883648.0,BRL,
ENEV3,ENEV3.SA,Eneva S.A.,Utilities,Utilities - Diversified,45814652928.0,BRL,
ENGI11,ENGI11.SA,Energisa S.A.,Utilities,Utilities - Regulated Electric,14153337856.0,BRL,
ENGI3,ENGI3.SA,Energisa S.A.,Utilities,Utilities - Regulated Electric,28662077440.0,BRL,
ENGI4,ENGI4.SA,Energisa S.A.,Utilities,Utilities - Regulated Electric,21622272000.0,BRL,
ENJU3,ENJU3.SA,Enjoei S.A.,Consumer Cyclical,Internet Retail,211168512.0,BRL,
EPAR3,EPAR3.SA,Embpar Participacoes S.A.,Basic Materials,Lumber & Wood Production,25411572.0,BRL,
EQMA3B,EQMA3B.SA,Equatorial Maranhão Distribuidora de Energia S.A.,Utilities,Utilities - Regulated Electric,4884471296.0,BRL,
EQTL3,EQTL3.SA,Equatorial S.A.,Utilities,Utilities - Regulated Electric,48571904000.0,BRL,
ESTR4,ESTR4.SA,Manufatura de Brinquedos Estrela S.A.,Consumer Cyclical,Leisure,32334000.0,BRL,
ETER3,ETER3.SA,Eternit S.A.,Industrials,Building Products & Equipment,216177456.0,BRL,
EUCA3,EUCA3.SA,Eucatex S.A. Indústria e Comércio,Industrials,Building Products & Equipment,2331014912.0,BRL,
EUCA4,EUCA4.SA,Eucatex S.A. Indústria e Comércio,Industrials,Building Products & Equipment,2319037440.0,BRL,
EVEN3,EVEN3.SA,Even Construtora e Incorporadora S.A.,Real Estate,Real Estate - Development,1057719872.0,BRL,
EZTC3,EZTC3.SA,EZTEC Empreendimentos e Participações S.A.,Real Estate,Real Estate - Development,3486775040.0,BRL,
FESA3,FESA3.SA,Cia de Ferro Ligas da Bahia S.A. - FERBASA,Basic Materials,Steel,3880033792.0,BRL,
FESA4,FESA4.SA,Cia de Ferro Ligas da Bahia S.A. - FERBASA,Basic Materials,Steel,2080646912.0,BRL,
FHER3,FHER3.SA,Fertilizantes Heringer S.A.,Basic Materials,Agricultural Inputs,212736272.0,BRL,
FLRY3,FLRY3.SA,Fleury S.A.,Healthcare,Diagnostics & Research,7942360576.0,BRL,
GEPA3,GEPA3.SA,Rio Paranapanema Energia S.A.,Utilities,Utilities - Regulated Electric,3399598080.0,BRL,
GEPA4,GEPA4.SA,Rio Paranapanema Energia S.A.,Utilities,Utilities - Regulated Electric,3572411136.0,BRL,
GFSA3,GFSA3.SA,Gafisa S.A.,Consumer Cyclical,Residential Construction,24024026.0,BRL,
GGBR3,GGBR3.SA,Gerdau S.A.,Basic Materials,Steel,39917182976.0,BRL,
GGBR4,GGBR4.SA,Gerdau S.A.,Basic Materials,Steel,46586441728.0,BRL,
GMAT3,GMAT3.SA,Grupo Mateus S.A.,Consumer Cyclical,Department Stores,9338192896.0,BRL,
GOAU3,GOAU3.SA,Metalurgica Gerdau S.A.,Basic Materials,Steel,12308393984.0,BRL,
GOAU4,GOAU4.SA,Metalurgica Gerdau S.A.,Basic Materials,Steel,13633302528.0,BRL,
GRND3,GRND3.SA,Grendene S.A.,Consumer Cyclical,Footwear & Accessories,3473315840.0,BRL,
HAGA3,HAGA3.SA,HAGA S/A Indústria e Comércio,Industrials,Building Products & Equipment,28917000.0,BRL,
HAGA4,HAGA4.SA,HAGA S/A Indústria e Comércio,Industrials,Building Products & Equipment,17850000.0,BRL,
HAPV3,HAPV3.SA,Hapvida Participações e Investimentos S.A.,Financial Services,Insurance - Life,5173470720.0,BRL,
HBOR3,HBOR3.SA,Helbor Empreendimentos S.A.,Real Estate,Real Estate Services,286618208.0,BRL,
HBRE3,HBRE3.SA,HBR Realty Empreendimentos Imobiliários S.A.,Real Estate,Real Estate Services,253297360.0,BRL,
HBSA3,HBSA3.SA,Hidrovias do Brasil S.A.,Industrials,Integrated Freight & Logistics,4053940224.0,BRL,
HBTS5,HBTS5.SA,Companhia Habitasul de Participações,Real Estate,Real Estate Services,295931488.0,BRL,
HETA4,HETA4.SA,Hercules S.A - Fábrica de Talheres,Consumer Defensive,Household & Personal Products,2504095.0,BRL,
HOOT4,HOOT4.SA,Hotéis Othon S.A.,Consumer Cyclical,Lodging,126034752.0,BRL,
HYPE3,HYPE3.SA,Hypera S.A.,Healthcare,Drug Manufacturers - Specialty & Generic,14516321280.0,BRL,
INEP3,INEP3.SA,Inepar S.A. Indústria e Construções,Industrials,Specialty Industrial Machinery,114664088.0,BRL,
INEP4,INEP4.SA,Inepar S.A. Indústria e Construções,Industrials,Specialty Industrial Machinery,101203960.0,BRL,
ISAE4,ISAE4.SA,ISA Energía Brasil S.A.,Utilities,Utilities - Independent Power Producers,17651484672.0,BRL,
ITSA3,ITSA3.SA,Itaúsa S.A.,Industrials,Conglomerates,141263536128.0,BRL,
ITSA4,ITSA4.SA,Itaúsa S.A.,Industrials,Conglomerates,139253448704.0,BRL,
ITUB3,ITUB3.SA,Itaú Unibanco Holding S.A.,Financial Services,Banks - Regional,442838220800.0,BRL,
ITUB4,ITUB4.SA,Itaú Unibanco Holding S.A.,Financial Services,Banks - Regional,424551841792.0,BRL,
JFEN3,JFEN3.SA,João Fortes Engenharia S.A.,Real Estate,Real Estate Services,6529400.0,BRL,
JHSF3,JHSF3.SA,JHSF Participações S.A.,Real Estate,Real Estate - Development,7400504832.0,BRL,
JSLG3,JSLG3.SA,JSL S.A.,Industrials,Integrated Freight & Logistics,1638017536.0,BRL,
KEPL3,KEPL3.SA,Kepler Weber S.A.,Industrials,Farm & Heavy Construction Machinery,1081590784.0,BRL,
KLBN11,KLBN11.SA,Klabin S.A.,Basic Materials,Paper & Paper Products,121655779328.0,BRL,
KLBN3,KLBN3.SA,Klabin S.A.,Basic Materials,Paper & Paper Products,21194213376.0,BRL,
KLBN4,KLBN4.SA,Klabin S.A.,Basic Materials,Paper & Paper Products,21071349760.0,BRL,
LAVV3,LAVV3.SA,Lavvi Empreendimentos Imobiliários S.A.,Real Estate,Real Estate Services,2085284608.0,BRL,
LEVE3,LEVE3.SA,MAHLE Metal Leve S.A.,Consumer Cyclical,Auto Parts,4356223488.0,BRL,
LIGT3,LIGT3.SA,Light S.A.,Utilities,Utilities - Renewable,1306196608.0,BRL,
LJQQ3,LJQQ3.SA,Lojas Quero-Quero S.A.,Consumer Cyclical,Specialty Retail,252439072.0,BRL,
LOGG3,LOGG3.SA,LOG Commercial Properties e Participações S.A.,Real Estate,Real Estate Services,2674875392.0,BRL,
LOGN3,LOGN3.SA,Log-In Logística Intermodal S.A.,Industrials,Marine Shipping,2996977920.0,BRL,
LREN3,LREN3.SA,Lojas Renner S.A.,Consumer Cyclical,Department Stores,14615588864.0,BRL,
LUPA3,LUPA3.SA,Lupatech S.A.,Energy,Oil & Gas Equipment & Services,36908040.0,BRL,
LUXM4,LUXM4.SA,Trevisa Investimentos S.A.,Industrials,Marine Shipping,133017600.0,BRL,
MBRF3,MBRF3.SA,MBRF Global Foods Company S.A.,Consumer Defensive,Packaged Foods,21767004160.0,BRL,
MDIA3,MDIA3.SA,M. Dias Branco S.A. Indústria e Comércio de Alimentos,Consumer Defensive,Packaged Foods,6278374400.0,BRL,
MDNE3,MDNE3.SA,Moura Dubeux Engenharia S.A.,Real Estate,Real Estate Services,2662895616.0,BRL,
MEAL3,MEAL3.SA,International Meal Company Alimentação S.A.,Consumer Cyclical,Restaurants,272342720.0,BRL,
MGEL4,MGEL4.SA,Mangels Industrial S.A.,Basic Materials,Steel,29725708.0,BRL,
MGLU3,MGLU3.SA,Magazine Luiza S.A.,Consumer Cyclical,Specialty Retail,4139231744.0,BRL,
MILS3,MILS3.SA,"Mills Locação, Serviços e Logística S.A.",Industrials,Rental & Leasing Services,3455333632.0,BRL,
MNDL3,MNDL3.SA,Mundial S.A. - Produtos de Consumo,Consumer Defensive,Household & Personal Products,183185008.0,BRL,
MNPR3,MNPR3.SA,Minupar Participações S.A.,Consumer Defensive,Farm Products,284714016.0,BRL,
MRSA3B,MRSA3B.SA,MRS Logística S.A.,Industrials,Railroads,14364023808.0,BRL,
MRVE3,MRVE3.SA,MRV Engenharia e Participações S.A.,Real Estate,Real Estate - Development,3005536000.0,BRL,
MTRE3,MTRE3.SA,Mitre Realty Empreendimentos e Participações S.A.,Real Estate,Real Estate - Development,361749888.0,BRL,
MTSA4,MTSA4.SA,METISA Metalúrgica Timboense S.A.,Industrials,Farm & Heavy Construction Machinery,369095776.0,BRL,
MULT3,MULT3.SA,Multiplan Empreendimentos Imobiliários S.A.,Real Estate,Real Estate Services,13837692928.0,BRL,
MWET4,MWET4.SA,Wetzel S.A.,Consumer Cyclical,Auto Parts,28812042.0,BRL,
MYPK3,MYPK3.SA,Iochpe-Maxion S.A.,Consumer Cyclical,Auto Parts,1338941696.0,BRL,
NEOE3,NEOE3.SA,Neoenergia S.A.,Utilities,Utilities - Regulated Electric,41026347008.0,BRL,
NEXP3,NEXP3.SA,Nexpe Participações S.A.,Real Estate,Real Estate Services,6583276.0,BRL,
NGRD3,NGRD3.SA,Neogrid Participações S.A.,Technology,Software - Application,303941120.0,BRL,
NUTR3,NUTR3.SA,Nutriplant Indústria e Comércio S/A,Basic Materials,Agricultural Inputs,30172152.0,BRL,
OIBR4,OIBR4.SA,Oi S.A.,Communication Services,Telecom Services,368975968.0,BRL,
OSXB3,OSXB3.SA,OSX Brasil S.A.,Energy,Oil & Gas Equipment & Services,4438733.0,BRL,
PATI3,PATI3.SA,Panatlântica S.A.,Basic Materials,Steel,761049280.0,BRL,
PATI4,PATI4.SA,Panatlântica S.A.,Basic Materials,Steel,720364288.0,BRL,
PCAR3,PCAR3.SA,Companhia Brasileira De Distribuicao,Consumer Cyclical,Department Stores,846131328.0,BRL,
PDTC3,PDTC3.SA,Padtec Holding S.A.,Technology,Communication Equipment,108078688.0,BRL,
PEAB3,PEAB3.SA,Companhia de Participações Aliança da Bahia,Financial Services,Asset Management,725558976.0,BRL,
PETR3,PETR3.SA,Petróleo Brasileiro S.A. - Petrobras,Energy,Oil & Gas Integrated,593397284864.0,BRL,
PETR4,PETR4.SA,Petróleo Brasileiro S.A. - Petrobras,Energy,Oil & Gas Integrated,563208912896.0,BRL,
PFRM3,PFRM3.SA,Profarma Distribuidora de Produtos Farmacêuticos S.A.,Healthcare,Medical Distribution,796968768.0,BRL,
PGMN3,PGMN3.SA,Empreendimentos Pague Menos S.A.,Healthcare,Pharmaceutical Retailers,2826604544.0,BRL,
PINE4,PINE4.SA,Banco Pine S.A.,Financial Services,Banks - Regional,841614272.0,BRL,
PLAS3,PLAS3.SA,Plascar Participações Industriais S.A.,Consumer Cyclical,Auto Parts,32554594.0,BRL,
PLPL3,PLPL3.SA,Plano & Plano Desenvolvimento Imobiliário S.A.,Real Estate,Real Estate - Development,1682121984.0,BRL,
PMAM3,PMAM3.SA,Paranapanema S.A.,Basic Materials,Copper,90043256.0,BRL,
PNVL3,PNVL3.SA,Dimed S.A. Distribuidora de Medicamentos,Healthcare,Drug Manufacturers - General,1566242944.0,BRL,
POMO3,POMO3.SA,Marcopolo S.A.,Industrials,Farm & Heavy Construction Machinery,7100461056.0,BRL,
POMO4,POMO4.SA,Marcopolo S.A.,Industrials,Farm & Heavy Construction Machinery,7088048128.0,BRL,
POSI3,POSI3.SA,Positivo Tecnologia S.A.,Technology,Computer Hardware,473316512.0,BRL,
PPLA11,PPLA11.SA,PPLA Participations Ltd.,Financial Services,Asset Management,,BRL,
PRIO3,PRIO3.SA,Prio S.A.,Energy,Oil & Gas E&P,50299891712.0,BRL,
PTBL3,PTBL3.SA,PBG S.A.,Industrials,Building Products & Equipment,246727040.0,BRL,
PTNT3,PTNT3.SA,Pettenati S.A. Industria Têxtil,Consumer Cyclical,Apparel Manufacturing,404551424.0,BRL,
PTNT4,PTNT4.SA,Pettenati S.A. Industria Têxtil,Consumer Cyclical,Apparel Manufacturing,408395136.0,BRL,
QUAL3,QUAL3.SA,Qualicorp Consultoria e Corretora de Seguros S.A.,Healthcare,Healthcare Plans,419435328.0,BRL,
RADL3,RADL3.SA,Raia Drogasil S.A.,Healthcare,Pharmaceutical Retailers,31193886720.0,BRL,
RAIL3,RAIL3.SA,Rumo S.A.,Industrials,Railroads,25088870400.0,BRL,
RANI3,RANI3.SA,Irani Papel e Embalagem S.A.,Consumer Cyclical,Packaging & Containers,1807129600.0,BRL,
RAPT3,RAPT3.SA,Randoncorp S.A.,Industrials,Farm & Heavy Construction Machinery,1716263936.0,BRL,
RAPT4,RAPT4.SA,Randoncorp S.A.,Industrials,Farm & Heavy Construction Machinery,1715543936.0,BRL,
RCSL3,RCSL3.SA,Recrusul S/A,Industrials,Specialty Industrial Machinery,47096996.0,BRL,
RCSL4,RCSL4.SA,Recrusul S/A,Industrials,Specialty Industrial Machinery,63644588.0,BRL,
RDOR3,RDOR3.SA,Rede D'Or São Luiz S.A.,Healthcare,Medical Care Facilities,72066318336.0,BRL,
REDE3,REDE3.SA,Rede Energia Participações S.A.,Utilities,Utilities - Regulated Electric,15229451264.0,BRL,
RENT3,RENT3.SA,Localiza Rent a Car S.A.,Industrials,Rental & Leasing Services,44006268928.0,BRL,
RNEW3,RNEW3.SA,Renova Energia S.A.,Utilities,Utilities - Renewable,343265440.0,BRL,
ROMI3,ROMI3.SA,Romi S.A.,Industrials,Industrial Distribution,585112320.0,BRL,
RPAD3,RPAD3.SA,Alfa Holdings S.A.,Industrials,Conglomerates,649820992.0,BRL,
RPAD5,RPAD5.SA,Alfa Holdings S.A.,Industrials,Conglomerates,577533120.0,BRL,
RPAD6,RPAD6.SA,Alfa Holdings S.A.,Industrials,Conglomerates,562174336.0,BRL,
RPMG3,RPMG3.SA,Refinaria de Petróleos de Manguinhos S.A.,Energy,Oil & Gas Refining & Marketing,95434832.0,BRL,
RSID3,RSID3.SA,Rossi Residencial S.A.,Consumer Cyclical,Residential Construction,32043398.0,BRL,
RSUL4,RSUL4.SA,Metalúrgica Riosulense S.A.,Consumer Cyclical,Auto Parts,367363744.0,BRL,
SANB11,SANB11.SA,Banco Santander (Brasil) S.A.,Financial Services,Banks - Regional,143901802496.0,BRL,
SANB3,SANB3.SA,Banco Santander (Brasil) S.A.,Financial Services,Banks - Regional,97561223168.0,BRL,
SANB4,SANB4.SA,Banco Santander (Brasil) S.A.,Financial Services,Banks - Regional,104150163456.0,BRL,
SAPR11,SAPR11.SA,Companhia de Saneamento do Paraná - SANEPAR,Utilities,Utilities - Regulated Water,11122467840.0,BRL,
SAPR3,SAPR3.SA,Companhia de Saneamento do Paraná - SANEPAR,Utilities,Utilities - Regulated Water,12391884800.0,BRL,
SAPR4,SAPR4.SA,Companhia de Saneamento do Paraná - SANEPAR,Utilities,Utilities - Regulated Water,10790006784.0,BRL,
SBFG3,SBFG3.SA,Grupo SBF S.A.,Consumer Cyclical,Specialty Retail,2390158080.0,BRL,
SBSP3,SBSP3.SA,Companhia de Saneamento Básico do Estado de São Paulo - SABESP,Utilities,Utilities - Regulated Water,95625740288.0,BRL,
SCAR3,SCAR3.SA,São Carlos Empreendimentos e Participações S.A.,Real Estate,Real Estate Services,702633536.0,BRL,
SEER3,SEER3.SA,Ser Educacional S.A.,Consumer Defensive,Education & Training Services,1389675264.0,BRL,
SHOW3,SHOW3.SA,T4F Entretenimento S.A.,Consumer Cyclical,Leisure,39773448.0,BRL,
SHUL4,SHUL4.SA,Schulz S.A.,Consumer Cyclical,Auto Parts,1682935808.0,BRL,
SIMH3,SIMH3.SA,SIMPAR S.A.,Industrials,Rental & Leasing Services,4856877056.0,BRL,
SLCE3,SLCE3.SA,SLC Agrícola S.A.,Consumer Defensive,Farm Products,7175265792.0,BRL,
SUZB3,SUZB3.SA,Suzano S.A.,Basic Materials,Paper & Paper Products,51876835328.0,BRL,
SYNE3,SYNE3.SA,Syn Prop & Tech S.A.,Real Estate,Real Estate Services,534255552.0,BRL,
TAEE11,TAEE11.SA,Transmissora Aliança de Energia Elétrica S.A.,Utilities,Utilities - Regulated Electric,40120471552.0,BRL,
TAEE3,TAEE3.SA,Transmissora Aliança de Energia Elétrica S.A.,Utilities,Utilities - Regulated Electric,13301102592.0,BRL,
TAEE4,TAEE4.SA,Transmissora Aliança de Energia Elétrica S.A.,Utilities,Utilities - Regulated Electric,13466462208.0,BRL,
TASA4,TASA4.SA,Taurus Armas S.A.,Industrials,Aerospace & Defense,584986880.0,BRL,
TCSA3,TCSA3.SA,Tecnisa S.A.,Real Estate,Real Estate - Development,80244968.0,BRL,
TECN3,TECN3.SA,Technos S.A.,Consumer Cyclical,Luxury Goods,517131776.0,BRL,
TELB3,TELB3.SA,Telecomunicações Brasileiras S.A. - Telebras,Communication Services,Telecom Services,1141192064.0,BRL,
TELB4,TELB4.SA,Telecomunicações Brasileiras S.A. - Telebras,Communication Services,Telecom Services,835242432.0,BRL,
TEND3,TEND3.SA,Construtora Tenda S.A.,Real Estate,Real Estate - Development,3677344512.0,BRL,
TFCO4,TFCO4.SA,Track & Field Co S.A.,Consumer Cyclical,Apparel Retail,2242020864.0,BRL,
TGMA3,TGMA3.SA,Tegma Gestão Logística S.A.,Industrials,Trucking,2020992640.0,BRL,
TIMS3,TIMS3.SA,TIM S.A.,Communication Services,Telecom Services,52789571584.0,BRL,
TKNO4,TKNO4.SA,Tekno SA Industria e Comercio,Basic Materials,Steel,636726976.0,BRL,
TOTS3,TOTS3.SA,TOTVS S.A.,Technology,Software - Application,18756280320.0,BRL,
TPIS3,TPIS3.SA,Triunfo Participações e Investimentos S.A.,Industrials,Infrastructure Operations,463262624.0,BRL,
TRIS3,TRIS3.SA,Trisul S.A.,Real Estate,Real Estate Services,943408640.0,BRL,
TUPY3,TUPY3.SA,Tupy S.A.,Industrials,Metal Fabrication,1717163520.0,BRL,
UCAS3,UCAS3.SA,UNICASA     ON      NM,Consumer Cyclical,"Furnishings, Fixtures & Appliances",,BRL,
UGPA3,UGPA3.SA,Ultrapar Participações S.A.,Energy,Oil & Gas Refining & Marketing,26377177088.0,BRL,
UNIP3,UNIP3.SA,Unipar Carbocloro S.A.,Basic Materials,Chemicals,6543148544.0,BRL,
UNIP5,UNIP5.SA,Unipar Carbocloro S.A.,Basic Materials,Chemicals,6748713984.0,BRL,
UNIP6,UNIP6.SA,Unipar Carbocloro S.A.,Basic Materials,Chemicals,6686167040.0,BRL,
USIM5,USIM5.SA,Usinas Siderúrgicas de Minas Gerais S.A.,Basic Materials,Steel,13761940480.0,BRL,
VALE3,VALE3.SA,Vale S.A.,Basic Materials,Other Industrial Metals & Mining,332824182784.0,BRL,
VAMO3,VAMO3.SA,"Vamos Locação de Caminhões, Máquinas e Equipamentos S.A.",Industrials,Rental & Leasing Services,3567734272.0,BRL,
VIVA3,VIVA3.SA,Vivara Participações S.A.,Consumer Cyclical,Luxury Goods,4818972160.0,BRL,
VIVR3,VIVR3.SA,Viver Incorporadora e Construtora S.A.,Real Estate,Real Estate - Development,14640121.0,BRL,
VIVT3,VIVT3.SA,Telefônica Brasil S.A.,Communication Services,Telecom Services,106509565952.0,BRL,
VLID3,VLID3.SA,Valid Soluções S.A.,Industrials,Specialty Business Services,1359432448.0,BRL,
VULC3,VULC3.SA,Vulcabras S.A.,Consumer Cyclical,Footwear & Accessories,4513802752.0,BRL,
WEGE3,WEGE3.SA,WEG S.A.,Industrials,Electrical Equipment & Parts,184616517632.0,BRL,
WHRL3,WHRL3.SA,Whirlpool S.A.,Consumer Cyclical,"Furnishings, Fixtures & Appliances",5905949184.0,BRL,
WIZC3,WIZC3.SA,Wiz Co Participações e Corretagem de Seguros S.A.,Financial Services,Insurance Brokers,1210498176.0,BRL,
YDUQ3,YDUQ3.SA,Yduqs Participações S.A.,Consumer Defensive,Education & Training Services,2289631744.0,BRL,
