ticker_b3,n_previsoes,gamma_medio,gamma_pval_medio,pct_signif_5pct,persistencia_m1,persistencia_m2,delta_egarch_medio,delta_egarch_pval_medio,pct_signif_egarch_5pct,delta_garch_medio,delta_garch_pval_medio,pct_signif_garch_5pct,leverage_m1_medio,leverage_m2_medio,persistencia_m3,persistencia_m4
AALR3,103,0.10094197193483684,0.29489770071295707,32.038834951456316,0.3101702695394986,0.43895095667402084,0.10094197193483684,0.29489770071295707,32.038834951456316,0.2577337065023492,0.9417475623736864,5.825242718446602,0.6645444722688763,0.5342058483762376,0.9813652834074152,1.0528580562885879
ABCB4,103,-0.20500672517619487,0.38428694244915423,16.50485436893204,0.8436308169674255,0.10323231167630882,-0.20500672517619487,0.38428694244915423,16.50485436893204,1.0406028221794447e-8,0.9999999397188913,0,-0.0311643474879329,0.016673936548782825,0.9908680913486908,0.990875957775729
ABEV3,103,0.17549832438784554,0.18984415098451177,40.77669902912621,0.4675790999283655,0.5495166228749958,0.17549832438784554,0.18984415098451177,40.77669902912621,1.8343039830637655e-8,0.9999999908841429,0,0.002687983800846242,-0.08886501459879481,0.9424744922762757,0.9429754370354457
AERI3,103,-0.4246320238925826,0.15319531415593227,49.51456310679612,0.8089125526428675,0.8577629155083907,-0.4246320238925826,0.15319531415593227,49.51456310679612,6.597921830406176e-9,0.999999999583144,0,0.22373616665825163,0.28753108902036567,0.9549413157638934,0.9556871979062639
AFLT3,103,0.33091564087527237,0.2873948295406164,0,0.485811357385967,0.523642937632466,0.33091564087527237,0.2873948295406164,0,9.939617913699778e-9,0.9999999633400305,0,-0.006938154919998595,0.0065079194406545224,0.9755847151828689,0.9870794737278007
AGRO3,103,0.30488137091268475,0.4089816167527228,13.592233009708737,0.9922543871733489,0.5843398238621699,0.30488137091268475,0.4089816167527228,13.592233009708737,0.051591857142726384,0.9715023181317851,1.9417475728155338,0.08085330902602318,0.12397107603078064,0.9932414556692593,0.9934665239898262
AHEB3,103,-3.776908162115592,0.014960400493394374,94.1747572815534,-0.05567910514454576,-0.4705919187841641,-3.776908162115592,0.014960400493394374,94.1747572815534,1.003503678367824e-8,0.9999999860127841,0,0.647132380517643,1.0474316146670841,0.7491142377496541,0.968730266054192
ALOS3,103,-0.18424216223941062,0.15102377725868482,47.57281553398058,0.648474772031906,0.15745325684178854,-0.18424216223941062,0.15102377725868482,47.57281553398058,8.032124175061663e-9,0.9999999859947516,0,0.12286895680605306,0.1781953784858575,0.9883746556480008,0.9888365527512463
ALPA3,103,-0.01229754693021527,0.27775990861769617,47.57281553398058,-0.059849829243727316,-0.23863211637562395,-0.01229754693021527,0.27775990861769617,47.57281553398058,9.868320702722904e-9,0.9999999094089533,0,0.17070144553854386,0.17618860835650746,0.9892309833806205,0.9862332320654486
ALPA4,103,0.17468561232106578,0.0869402848504254,80.58252427184466,0.35937520964645003,0.3063108621633755,0.17468561232106578,0.0869402848504254,80.58252427184466,1.039216069948998e-8,0.9999999963424893,0,-0.05839560044098836,-0.026755464879443473,0.9857369889187992,0.9857704228884033
ALPK3,103,-0.12302715199864835,0.01491583473037383,94.1747572815534,0.22736927524984388,0.6936008953290512,-0.12302715199864835,0.01491583473037383,94.1747572815534,4.715949769098043e-9,0.9999997416442653,0,0.573571994279998,0.5805316949084363,0.9578761914772166,0.9856066482065119
ALUP11,103,0.05504676302895941,0.2737549976829932,49.51456310679612,0.7864683181654175,0.6584899820192863,0.05504676302895941,0.2737549976829932,49.51456310679612,0.007149583991637987,0.9930000143360288,0,-0.11990524215038019,-0.1374293980473306,0.9912843285475358,0.9907095694734731
ALUP3,103,0.1422581706181125,0.5759809700636398,24.271844660194176,0.32653604060988983,0.24726492682534984,0.1422581706181125,0.5759809700636398,24.271844660194176,0.004975315687006049,0.9723948995618521,1.9417475728155338,0.5019890093761259,1.1814484787654327,0.5755031872703078,0.586597058208956
ALUP4,103,0.6030480205488209,0.2131661112351508,62.13592233009708,0.8924269348882352,0.675981267177308,0.6030480205488209,0.2131661112351508,62.13592233009708,0.0048642907873695405,0.9873099371205718,0,-0.11144055967889296,0.8612065524283159,0.9904588707919624,0.9843600820208392
AMAR3,103,0.14855227122907713,0.10418449523582206,81.55339805825243,0.797710095553649,0.5940132006699228,0.14855227122907713,0.10418449523582206,81.55339805825243,0.251754242502093,0.9910090459687056,0,0.1815545638954424,-0.025621361362150177,0.9884923359364401,0.9900434539609793
AMBP3,103,-0.25330259682370837,0.18852551125701908,50.48543689320388,0.5743523864738419,0.6010027892075321,-0.25330259682370837,0.18852551125701908,50.48543689320388,8.761780017770581e-9,0.99999999260363015,0,0.6543284481973582,0.7707108155060579,0.9566173750980744,0.9898426050852592
AMER3,103,0.05627080553629917,0.33481925263729456,28.155339805825243,0.7153572448253906,0.6080115206922969,0.05627080553629917,0.33481925263729456,28.155339805825243,19.083032006391708,0.7879573314755982,14.563106796116504,0.659572008011509,0.6810168792630075,0.9989999905411365,1.3037402864231877
ANIM3,103,-0.25076632171417285,0.3864696479838428,0.9708737864077669,0.32422645705394415,0.3573779093700144,-0.25076632171417285,0.3864696479838428,0.9708737864077669,5.204445816626619e-9,0.9999999967893116,0,0.3588386222563175,0.42347724374321327,0.658740337326625,0.6663873786458493
AXIA3,103,0.03858436495459045,0.1651892844358862,63.1578947368421,0.763285627522978,0.8020260326375954,0.03858436495459045,0.1651892844358862,63.1578947368421,1.0252083867606593e-8,0.9999999685439896,0,-0.0033377545961807632,0.027631311773579234,0.9604678900591944,0.9600415980597481
AXIA6,103,-0.32581991434759766,0.18550939548497386,23.655913978494624,0.764943891950972,0.518229087910599,-0.32581991434759766,0.18550939548497386,23.655913978494624,8.753888056784674e-9,0.999999959603552,0,0.022386981288671125,-0.061764823293342985,0.9853271510871694,0.9853398445954719
AZEV3,103,0.06018246983881815,0.43925506112713436,9.70873786407767,0.9269491424396754,0.7837299583590699,0.06018246983881815,0.43925506112713436,9.70873786407767,13.147590280671889,0.5856629768294737,13.592233009708737,0.34269859806545355,0.30723560619428186,0.8360707383926527,0.8728559589061712
AZEV4,103,0.1347392624742042,0.475840085641992,11.650485436893204,0.809138077228043,0.524039851464253,0.1347392624742042,0.475840085641992,11.650485436893204,9.382507546324351,0.6215721594162544,0.9708737864077669,0.49623914151521253,0.5266305902947915,0.8993761492001395,0.8389702623430365
AZZA3,103,0.018974737914299416,0.4935723614242923,5.952380952380952,0.4903695904141926,0.3638324935043829,0.018974737914299416,0.4935723614242923,5.952380952380952,6.699665580893351e-9,0.9999998497398668,0,0.02306776757071767,0.036734078770923134,0.9557632104190815,0.9593399146685887
B3SA3,103,-0.8755517769159602,0.04291258483924375,86.40776699029125,0.7597805071360452,0.5917087718426889,-0.8755517769159602,0.04291258483924375,86.40776699029125,8.965462887410816e-9,0.9999999988830542,0,0.1561414074248525,-0.05052199779675732,0.9672023996869276,0.967562382904275
BALM4,103,-0.0347162234118614,0.645653714099753,7.5,0.5494502286186572,0.5378896347071909,-0.0347162234118614,0.645653714099753,7.5,1.0153378205344678e-8,0.9999999821153897,0,0.10064040267557559,0.10445481557319365,0.9968891005987437,0.997152754722407
BAZA3,103,0.23967450700831772,0.13850348917758246,66.99029126213593,0.41917492935784506,0.16425595897379017,0.23967450700831772,0.13850348917758246,66.99029126213593,0.09481539725268215,0.8474673303966076,6.796116504854369,0.14715080976241218,0.07556082430058783,0.9475345069031511,0.9631865171628168
BBAS3,103,-0.3621853563451774,0.21431248443783113,30.097087378640776,0.9924991069795548,0.8389924850413462,-0.3621853563451774,0.21431248443783113,30.097087378640776,9.296840410549374e-9,0.9999999975987851,0,0.1938025544216801,0.2141021664130701,0.9757262314377603,0.9757269361657994
BBDC3,103,0.03457553275721534,0.25143539083008415,31.06796116504854,0.3261683528678968,-0.20794415299445082,0.03457553275721534,0.25143539083008415,31.06796116504854,8.780649191363085e-9,0.9999998485163631,0,-0.40849887911271804,-0.5609082312263904,0.9801911251749547,0.9795950442904212
BBDC4,103,0.049472400975911435,0.06607607946881201,68.93203883495146,-0.0286869828187759,0.02408843670777218,0.049472400975911435,0.06607607946881201,68.93203883495146,9.395202714900525e-9,0.9999998889736244,0,-0.16334167565870208,-0.23391327918828742,0.9891258546384981,0.9843300946224222
BBSE3,103,-0.4004572920566184,0.10527526835354908,77.66990291262135,0.7796669144841717,0.9048366973571406,-0.4004572920566184,0.10527526835354908,77.66990291262135,8.220016962464017e-9,0.9999999903059076,0,-0.0985096419239338,-0.040330459654751356,0.9830011929991157,0.9828452604207961
BDLL4,103,-0.05354779498023835,0.765245334423946,1.4705882352941175,-0.3855132481372687,-0.3051534309600893,-0.05354779498023835,0.765245334423946,1.4705882352941175,9.943047697730075e-9,0.9999999975109358,0,0.4913298729918548,0.4805992810204491,0.9909425449242841,0.9923308736906626
BEEF3,103,-0.31981151596824625,0.1275734971538162,39.80582524271845,0.23987223585115555,0.19326727308854016,-0.31981151596824625,0.1275734971538162,39.80582524271845,9.622575895376714e-9,0.9999999271937774,0,-0.18802252493925337,-0.08441635380566205,0.9971670536898148,0.9977263106933498
BEES3,103,0.5025242716235272,0.22886464704919954,17.475728155339805,0.8743811043844526,0.7279102829202867,0.5025242716235272,0.22886464704919954,17.475728155339805,0.5258533104140946,0.1564688854208147,35.92233009708738,0.4657666194872169,0.8568874443621032,0.6931608810429578,0.6948222842682239
BEES4,103,0.2320505123678868,0.6194602414202646,5.825242718446602,1.0838418702323742,1.0249029219981844,0.2320505123678868,0.6194602414202646,5.825242718446602,0.3309183729630037,0.3238603324164332,0,0.13340836170197745,0.23295520006895318,0.8068184346154137,0.8258774759987977
BGIP3,103,0.05558280118002342,0.6494469835627052,1.9417475728155338,-0.2909372178096731,-0.3426799112203311,0.05558280118002342,0.6494469835627052,1.9417475728155338,1.0038692034899348e-8,0.9999999946343002,0,0.5454729658852409,0.5056560252408461,0.9299392430580976,0.9935978483874435
BGIP4,103,0.22145159412287949,0.08681486779335676,52.42718446601942,1.0222833366912627,0.6266372709914774,0.22145159412287949,0.08681486779335676,52.42718446601942,0.11128941560184599,0.9858503707623728,0,-0.07818475680949448,-0.07164710043040612,0.97552556307817,0.9810031199200738
BHIA3,103,0.575659315563159,0.01967306692326384,87.37864077669903,0.4402007680644872,0.006972516183058239,0.575659315563159,0.01967306692326384,87.37864077669903,9.958731615857948e-9,0.9999999976963792,0,0.07797262266023704,0.180096333641945,0.9864658245621675,0.9973847739916765
BIOM3,103,0.02112698156009206,0.16389785727982342,55.33980582524271,0.23072294164508778,0.21766503353520789,0.02112698156009206,0.16389785727982342,55.33980582524271,1.0023364511581765e-8,0.9999999976109476,0,-0.012468640990352784,-0.02117643102710813,0.9946577495249508,0.9999058964844023
BMEB3,103,0.06444261840832834,0.16773516411374562,48.31460674157304,0.9148843391317334,0.6281310059880796,0.06444261840832834,0.16773516411374562,48.31460674157304,1.730599226864311,0.9599580016837597,0,-0.09938472481992408,-0.12471920713843532,0.9819285166882561,0.9657349318768752
BMEB4,103,0.02527702167395573,0.08356062284891178,66.01941747572816,1.118108812116622,1.0519615457855263,0.02527702167395573,0.08356062284891178,66.01941747572816,0.2837082326779703,0.8349514790752285,16.50485436893204,-0.038902546913962395,-0.03434904433521133,0.9924621435984897,1.0304085826190348
BMGB4,103,0.13692994906882364,0.10999200889698109,56.310679611650485,1.0029523491193317,0.9289346287191114,0.13692994906882364,0.10999200889698109,56.310679611650485,1.5936626356716956,0.8554829538333242,14.563106796116504,0.04972042244913736,-0.08984853114052228,0.978388700735528,0.9794943553887773
BMIN4,103,0.05010663232251351,0.15384509672424476,59.22330097087378,1.1166427747529253,0.7709990681625261,0.05010663232251351,0.15384509672424476,59.22330097087378,0.1485873965608848,0.9827460856571337,0,-0.11634756064903955,-0.2008649789501589,0.9296115542594947,0.9502963878822027
BMKS3,103,0.08525060907272143,0.24951283709761415,15.53398058252427,0.8057241468412916,0.7903859908906198,0.08525060907272143,0.24951283709761415,15.53398058252427,1.4959062074822067,0.6833501785543653,0,-6.921113439579899e-4,0.02311909442758635,0.9083134075494081,0.8905909246984409
BNBR3,103,-0.4716307283999841,0.25137683724303367,67.3469387755102,0.25451252482699394,-0.7980796947536872,-0.4716307283999841,0.25137683724303367,67.3469387755102,8.670206788166203e-9,0.9999999823060051,0,0.1677725570440796,0.51754456743156,0.9556120308333415,0.9536348373208979
BOBR4,103,-0.19179513016889352,0.21536502660560158,43.689320388349515,0.6436042357375165,0.1990551199455668,-0.19179513016889352,0.21536502660560158,43.689320388349515,0.007072956048888383,0.9904463464050997,0.9708737864077669,0.1655007606193835,0.31141142086177026,0.9957293106734064,0.9958811246976057
BPAC11,103,-0.35024737817724044,0.041168326845983455,85.43689320388349,0.6162106548337247,0.6252585938538653,-0.35024737817724044,0.041168326845983455,85.43689320388349,2.872506887855836e-9,0.99999999627858,0,0.056229420064009564,0.022444628642833125,0.9041454922621944,0.9038743774337741
BPAC3,103,-0.11527563702611245,0.26825163999078283,48.54368932038835,0.6190442939952326,0.6133308283478499,-0.11527563702611245,0.26825163999078283,48.54368932038835,9.075025377652639e-9,0.9999994362775367,0,0.21503876804556799,0.1911626656799771,0.9940786645215244,0.9945314623027088
BPAC5,103,0.09760727702777294,0.35060668992042365,3.508771929824561,0.8056302733693103,0.7215794525881629,0.09760727702777294,0.35060668992042365,3.508771929824561,3.1623921807190576,0.7633791315663112,0,0.17902066613121081,0.20861487081714747,0.8876550859500376,0.8183516346822998
BRAP3,103,0.1452776290870523,0.16407242713831438,39.80582524271845,0.5012308056692834,-0.36942314146598065,0.1452776290870523,0.16407242713831438,39.80582524271845,1.1118691207293638e-8,0.9999986554642569,0,0.10561298723148566,0.095216368091407,0.9946554117592823,0.9940330161253053
BRAP4,103,-0.21305892325400086,0.37113001767218645,18.446601941747574,0.5609575052657272,0.15985252958958968,-0.21305892325400086,0.37113001767218645,18.446601941747574,8.902399423215036e-9,0.9999999460694173,0,0.07834917370612281,0.10229875037531493,0.9930649109643359,0.9930887549818134
BRAV3,103,-0.18103269499621213,0.460972664979231,6.796116504854369,0.7357920367605497,0.7145709312850925,-0.18103269499621213,0.460972664979231,6.796116504854369,2.072283313692284,0.9142660649511875,0,0.16655670619140828,0.14944710959209834,0.8254108698261321,0.7899110903589266
BRKM3,103,0.020964938580772224,0.3691104673934766,21.35922330097087,0.4646011992930563,0.2832329272238616,0.020964938580772224,0.3691104673934766,21.35922330097087,9.32354365767592e-9,0.9999997893396196,0,-0.3487501386236935,-0.31005681669403623,0.9935210118420758,0.9934433700862055
BRKM5,103,-0.14936164343113592,0.43031264212023446,16.50485436893204,0.3234339036639808,0.24152512950989163,-0.14936164343113592,0.43031264212023446,16.50485436893204,1.0032108158364959e-8,0.9999999974777938,0,-0.19596455581717442,-0.1628203476704564,0.9755127237655022,0.9778901720547569
BRKM6,103,-0.5986874430474655,0.052312428620027,64.07766990291263,0.6231845856719539,0.46047925398087325,-0.5986874430474655,0.052312428620027,64.07766990291263,7.78394895602507e-9,0.9999999564437402,0,0.04682853505256023,0.07537523076771241,0.9780477323629717,0.8880164442108851
BRSR3,103,-0.15241336567436622,0.041094084690953776,89,0.5089154502608169,-0.4860896956083901,-0.15241336567436622,0.041094084690953776,89,8.69190191424693e-9,0.9999988720981952,0,-0.027449394750716193,0.4911824400205784,0.9731109577227887,0.9822945446972862
BRSR5,103,0.09143573804701127,0.6265318923844564,0,0.5127901197554955,0.5026570237952243,0.09143573804701127,0.6265318923844564,0,1.9651936266878396,0.9057937679286054,0,0.3739461601431588,0.3737524544235438,0.6190465082322768,0.5776645765615643
BRSR6,103,0.22014125543912869,0.2406173085335838,26.21359223300971,0.008055074178914507,-0.04813027399842362,0.22014125543912869,0.2406173085335838,26.21359223300971,9.000052178232694e-9,0.9999998852234668,0,0.35293011023576715,0.32386634486769333,0.9579169649776451,0.951492771253593
CAMB3,103,0.03467074261559319,0.21456386223746626,54.36893203883495,0.7866250473106465,0.6654990119075668,0.03467074261559319,0.21456386223746626,54.36893203883495,1.0194183899762347e-8,0.9999999814930874,0,0.10090174245560682,-0.07553572656591392,0.9842503089591595,0.9843868938522303
CAML3,103,0.45979332158533565,0.08133890288371148,65.0485436893204,0.21505548845385752,0.07059321096706506,0.45979332158533565,0.08133890288371148,65.0485436893204,1.3685136735802343,0.9230573719594477,7.766990291262135,-0.018478366146038476,-0.1575306764137872,0.9587241005671586,0.9067532393820866
CASH3,103,0.5735780835683414,0.0032472835595823324,99.02912621359224,0.7500776760501722,0.5983022889034515,0.5735780835683414,0.0032472835595823324,99.02912621359224,1.0040777523160628e-8,0.999999998677432,0,-0.17229327656207774,-0.24345313990300763,0.9944002751758542,0.9954136160150319
CBEE3,103,-0.026756476261255508,0.12596624433651865,72.41379310344827,0.9711278153452965,0.9298493617625292,-0.026756476261255508,0.12596624433651865,72.41379310344827,1.0019986970962909e-8,0.9999999962612154,0,-0.1741441077968385,-0.18231761881856007,0.9566794145794085,0.9945260715765354
CEAB3,103,-0.14474879847845448,0.38263369646794526,9.70873786407767,0.30507298412256345,-0.058501982737187284,-0.14474879847845448,0.38263369646794526,9.70873786407767,0.10756108335588184,0.9915177910137771,0,-0.08068855161727383,-0.025723251588499647,0.9851417486877097,0.9855433393293745
CEBR3,103,0.0911568548555398,0.13918777917520594,46.601941747572816,-0.10438619990069613,-0.13609861211299093,0.0911568548555398,0.13918777917520594,46.601941747572816,9.870063493726912e-9,0.9999980801631644,0,-0.2636771816069685,-0.28519153149989196,0.9929480359606249,0.992882478310851
CEBR5,103,-0.013476037404684926,0.7051366974206181,5.825242718446602,0.22728174824038586,0.007967331555455325,-0.013476037404684926,0.7051366974206181,5.825242718446602,6.880524625791141e-9,0.9999996508414877,0,0.35151200704996993,0.3831138605715527,0.9403971246165526,0.9408207836384441
CEBR6,103,0.061835644242824235,0.30673160509885056,58.252427184466015,0.10992368825710429,-0.17078718896743525,0.061835644242824235,0.30673160509885056,58.252427184466015,0.05080252371491622,0.9614854098466594,3.8834951456310676,0.011648889322701297,0.06529787161755671,0.9919521935536066,0.9902828902731902
CEDO3,103,-0.003598991940448472,0.5875513428667413,40,0.7054483495514037,0.6607869787408448,-0.003598991940448472,0.5875513428667413,40,9.998127448641701e-9,0.9999999989503464,0,-0.11637673291384319,-0.12264848591376298,0.9904847065778446,1.0004617735012977
CEDO4,103,-0.03158360313432256,0.4162499628542113,9.70873786407767,0.873773249295142,0.908009752387503,-0.03158360313432256,0.4162499628542113,9.70873786407767,1.9941250073093992,0.9039942830496795,0,0.5089304727283442,0.512478617267486,0.9938077864830036,1.0887154928330283
CEEB3,103,-13.647804622569032,0.4299033932170732,16.176470588235293,0.6358229424429025,0.36116417506640425,-13.647804622569032,0.4299033932170732,16.176470588235293,0.08658685060940492,0.9294705845354968,0,0.1315755739367519,0.19141767723544315,0.9633553364484276,0.9626639157568613
CGAS3,103,0.09799679406646783,0.22705204079981062,29.126213592233007,0.7128557249248217,0.4100434070970323,0.09799679406646783,0.22705204079981062,29.126213592233007,0.20540904327757678,0.9784898341927287,0,-0.14254687794924106,-0.1427477722443236,0.9069850958385668,0.7116855185574962
CGAS5,103,-3.1928793619618943,0.3123338128439004,45.63106796116505,0.84179795237232,0.8496195944147125,-3.1928793619618943,0.3123338128439004,45.63106796116505,5.186903532814763e-9,0.9999999835328608,0,1.157820596166061,1.7990657533442238,0.9989999980666019,1.3321705486561708
CGRA3,103,-0.6270001636087161,0.01051068520727312,96.07843137254902,0.8964899096166701,0.8260750049981521,-0.6270001636087161,0.01051068520727312,96.07843137254902,5.142405706420845e-9,0.9999999900627227,0,0.15170170556325355,0.09022338121316574,0.9382086182778965,0.936384273827777
CGRA4,103,-0.3638711335147676,0.34474959756569434,32.038834951456316,0.587102096260012,-0.21312903779122594,-0.3638711335147676,0.34474959756569434,32.038834951456316,0.03385280464414812,0.9284835609006366,2.912621359223301,0.07495366519103301,-0.018376746533650165,0.9860284525117251,0.9882777295842364
CLSC4,103,-6.946025350346881,0.529666135024016,16.129032258064516,0.3927946334204499,0.11154649764831233,-6.946025350346881,0.529666135024016,16.129032258064516,0.008402698565897699,0.9879195461320829,0,0.3675119828654078,0.5483656618316105,0.8558892635826565,0.842054401227903
CMIG3,103,-0.1846825909314983,0.3695644823459713,29.126213592233007,0.2224588070299151,0.5559516946634575,-0.1846825909314983,0.3695644823459713,29.126213592233007,9.510820402322615e-9,0.9999995632353538,0,0.34365161551904044,0.18871552293945074,0.9952342148298992,0.9953838856230961
CMIG4,103,-0.5640257074372361,0.27290552342604113,48.54368932038835,0.49450888347729677,0.14061923129865195,-0.5640257074372361,0.27290552342604113,48.54368932038835,9.851862806432718e-9,0.9999997611659263,0,0.22653507471976594,0.32647293951762085,0.9976635807187832,0.9979704031036003
COCE5,103,0.08078370520483123,0.3007733056377035,31.06796116504854,0.32512323013623534,-0.16880457371807703,0.08078370520483123,0.3007733056377035,31.06796116504854,0.14592096280478878,0.9568641401859685,0.9708737864077669,0.19305212992050225,0.2083087116870814,0.9675418184577802,0.9888250781033483
COGN3,103,0.3797722858167552,0.20347630439384543,8.737864077669903,0.45542744655193734,-0.08521554320557378,0.3797722858167552,0.20347630439384543,8.737864077669903,9.836983838953557e-9,0.9999999922761691,0,-0.09359860511695973,-0.10187097609290328,0.987850720502642,0.9874290511674837
CPFE3,103,0.17813138936325598,0.3229264316288455,3.8834951456310676,0.6100015524693971,0.3155939834327826,0.17813138936325598,0.3229264316288455,3.8834951456310676,9.4920630902068e-9,0.9999999784323081,0,0.23498946375268503,0.18445472501111018,0.9839698184407177,0.9841593532697529
CPLE3,103,0.5784849524293535,0.12329972564061428,66.99029126213593,0.6780687656396699,0.6762518734434159,0.5784849524293535,0.12329972564061428,66.99029126213593,3.5102450959034015,0.33357504213990996,39.80582524271845,0.37990222125487116,0.21591257513743645,0.6951934625434358,0.808417830861561
CRPG5,103,-0.030670194039984635,0.3144551713896815,25.24271844660194,0.7177551166720405,0.5861115369129821,-0.030670194039984635,0.3144551713896815,25.24271844660194,0.014329012518814046,0.9825382234759102,0.9708737864077669,0.18369106764353751,0.22159964959634385,0.987474118965176,1.0791948725255316
CRPG6,103,-0.3049543141139056,0.07493767888256254,54.36893203883495,0.4551345253894058,0.35720444034302506,-0.3049543141139056,0.07493767888256254,54.36893203883495,2.2247046774371694e-8,0.9999999938383262,0,0.43533039896714865,0.42134238055606704,0.9952069949603317,1.067645935816211
CSAN3,103,0.004976651573148574,0.25625986790801236,13.592233009708737,0.34110822195076257,0.2818044656977527,0.004976651573148574,0.25625986790801236,13.592233009708737,0.01965210718226061,0.9950768329997196,0,3.978652177742103e-4,-0.03076849381416374,0.983757064892697,0.9836594196743136
CSMG3,103,-0.5691765210228832,0.05861087888116749,80.58252427184466,0.33581952425390355,0.446861160971187,-0.5691765210228832,0.05861087888116749,80.58252427184466,9.492858338680632e-9,0.9999998682269106,0,-0.03654242725575799,0.044764129623341836,0.9791557451837805,0.9848514275764716
CSNA3,103,-0.7166628477828967,0.09730739821535637,5.825242718446602,0.5177397788173845,0.7022529336770847,-0.7166628477828967,0.09730739821535637,5.825242718446602,3.167399301187067e-9,0.9999999992573391,0,0.3096286627743526,0.3616446047419911,0.7825632154209801,0.7945163043975203
CSUD3,103,0.08599200594466887,0.36248340648623006,5.825242718446602,0.22035756436897216,0.12935461206231505,0.08599200594466887,0.36248340648623006,5.825242718446602,1.4017691767201787e-8,0.9999982399093982,0,0.2269629139550745,0.22506834396725375,0.9944149680769487,0.9959936053959292
CTKA4,103,0.17209242844327255,0.3024113526208113,0.9708737864077669,0.5220584030881202,0.4256204585136742,0.17209242844327255,0.3024113526208113,0.9708737864077669,17.63316678355235,0.7598898032561108,0,0.3920119950295486,0.4361645594620159,0.8165756601399273,0.7843519913413796
CTSA3,103,-0.10807927513751668,0.319039295665463,58.252427184466015,-0.44093138777897345,-0.21779948146373918,-0.10807927513751668,0.319039295665463,58.252427184466015,9.965655173289321e-9,0.9999999898430203,0,0.4563256344251081,0.4731534717130761,0.9923888628955885,0.9769345395201616
CTSA4,103,-0.16253234614849665,0.13828483473331024,66.99029126213593,0.9055995100560875,0.9892164308628548,-0.16253234614849665,0.13828483473331024,66.99029126213593,2.1605134744594783e-9,0.9999999956891736,0,0.27247336155227314,0.29741244831248015,0.9636101492507256,0.9157423156540969
CURY3,103,-0.00907263433019003,0.4216755901503885,26.21359223300971,0.368565539828087,0.024347250602516423,-0.00907263433019003,0.4216755901503885,26.21359223300971,7.790526753468773e-9,0.9999997309834555,0,0.008032833459284294,0.016887522642543878,0.978911550815224,0.9765920562321295
CVCB3,103,1.2033003611941533,0.05053489154641228,85.43689320388349,0.17471088241868213,0.04191310040000235,1.2033003611941533,0.05053489154641228,85.43689320388349,28.54954628444246,0.6241115794252683,36.89320388349515,0.22869899243480438,0.13816886287075297,0.6799145830834795,0.6030349922820846
CYRE3,103,-0.45131208152561775,0.17444567188759819,45.63106796116505,0.2040375032083753,0.1733602785524488,-0.45131208152561775,0.17444567188759819,45.63106796116505,9.709527756266685e-9,0.9999999794438313,0,-0.005594688595586253,-0.06114549521989538,0.9937605764862566,0.9938124177590362
DASA3,103,0.09226648410167358,0.4072575703540208,12.62135922330097,0.8264953796221306,0.8639601614377486,0.09226648410167358,0.4072575703540208,12.62135922330097,1.0510393532623803,0.9161384164094968,0,0.3233820164241765,0.2708161311984562,0.8868073693122479,0.8847035537772118
DEXP3,103,-0.01207623917476162,0.2798344003043367,24.271844660194176,0.35384626848087986,0.33249376513708395,-0.01207623917476162,0.2798344003043367,24.271844660194176,7.2937132087912576e-9,0.9999997217602529,0,0.36000753221343257,0.40917871498578307,0.9453078418766226,0.9453093583563612
DEXP4,103,-0.05908775761324749,0.09221482839577151,73.33333333333333,0.36848735097673085,0.38293158011243816,-0.05908775761324749,0.09221482839577151,73.33333333333333,1.0022291446792294e-8,0.9999999963678463,0,0.24783172449855095,0.2355418470583598,0.9765578073240078,0.976559695309427
DIRR3,103,-0.0031944468026193318,0.4461025469086148,11.650485436893204,0.37826913980805893,0.2784449062282943,-0.0031944468026193318,0.4461025469086148,11.650485436893204,9.879669817465113e-9,0.999999878859061,0,-0.01907641427980833,0.005298859081845439,0.9960281055940329,0.9961602626624628
DMVF3,103,0.014409065417599023,0.712831405493961,0.9708737864077669,0.022640222074053563,0.12459102861552421,0.014409065417599023,0.712831405493961,0.9708737864077669,0.05524478767015657,0.9657192744459581,0,0.27190927565199585,0.2455503520299921,0.9765552412518761,0.9827732786195547
DOHL4,103,-1.9153152252441779,0.6417003880695267,25,0.5698950310752537,0.5140232281809419,-1.9153152252441779,0.6417003880695267,25,0.15301774465696708,0.8239926581674175,0,0.5013917829333956,0.49564915327552317,0.4919251507121712,0.4932370779635508
EALT3,103,0.2775640756092361,0.25794875071776197,8.75,0.5714261319093299,0.09347880280710869,0.2775640756092361,0.25794875071776197,8.75,9.733039447391883e-9,0.9999997023665197,0,0.17464360271514068,0.26133876547457047,0.9916069791941766,0.9917040625558251
EALT4,103,0.01595405809657529,0.38567056924135384,34.95145631067961,0.7631812013920307,0.7969362495535316,0.01595405809657529,0.38567056924135384,34.95145631067961,0.17813022808924805,0.8633237931577098,0,0.593795224069351,0.3965933196290133,0.9341387700472207,0.8925946156547552
ECOR3,103,-0.18719707417674306,0.1745256612710874,72.81553398058253,-0.36363287994781524,0.13491132098827835,-0.18719707417674306,0.1745256612710874,72.81553398058253,9.400816543511605e-9,0.9999999928749217,0,0.15178755620815315,0.13568145105387272,0.9763515310084124,0.9799003483661162
EGIE3,103,0.07678397905286313,0.44084650381902396,33.00970873786408,0.796906174933087,0.6303970119260913,0.07678397905286313,0.44084650381902396,33.00970873786408,9.539856870057697e-9,0.9999997805687342,0,-0.2158082944522106,-0.2373572720000866,0.9938110304833704,0.9943334332492536
EKTR4,103,0.14121099951538343,0.1974752747465659,17.475728155339805,0.13824069522544588,-0.043959781486288846,0.14121099951538343,0.1974752747465659,17.475728155339805,1.0161489674214813e-8,0.9999999504464996,0,0.09398179305778884,0.05701541353372841,0.9925837953203802,0.9931436348372739
EMAE4,103,0.049949739063134546,0.42607737480800645,8.737864077669903,1.0155079339028956,0.9652666780669483,0.049949739063134546,0.42607737480800645,8.737864077669903,1.124085689475879,0.7968063634804832,14.563106796116504,0.5295964499733599,0.5124280531204531,0.9810751588945154,1.008123448277072
ENEV3,103,-0.27743394662207693,0.1050449480259787,54.36893203883495,0.7074373655923294,0.16537329068213552,-0.27743394662207693,0.1050449480259787,54.36893203883495,8.664162980960977e-9,0.9999999837964461,0,-0.12133798712996538,0.03949984555690102,0.9794293543541598,0.9795399520798325
ENGI11,103,-0.03840961046751641,0.41967067762984867,17.475728155339805,0.5748254725542209,0.26366243033498454,-0.03840961046751641,0.41967067762984867,17.475728155339805,9.39888883342697e-9,0.9999985465046322,0,-0.017570217165379765,0.05448294766760031,0.9959118137496278,0.995951234500621
ENGI3,103,-0.036452668893290435,0.4368906425627527,13.592233009708737,0.2329295475895446,0.0687359197557528,-0.036452668893290435,0.4368906425627527,13.592233009708737,1.0435380878558505e-8,0.9999991692847948,0,-0.09421750393582089,-0.09373980968197598,0.9973739705838593,0.9980757670214626
ENGI4,103,0.008443563990046463,0.7522822479406617,0,0.7922510513309257,0.6570089113931504,0.008443563990046463,0.7522822479406617,0,0.037847846937906236,0.9134984793523601,6.796116504854369,0.06689690268813656,0.05901648313246012,0.9844528451594321,0.9879005809475891
ENJU3,103,-0.25676926196462546,0.3021706984874829,34.95145631067961,0.4896217491406293,0.1545146424277668,-0.25676926196462546,0.3021706984874829,34.95145631067961,1.0148103802247085e-8,0.9999996762881413,0,-0.23562659995749127,-0.17517543266736826,0.9951431401836884,0.994886984738738
ENMT3,103,-0.14969633798194693,0.11443152080532194,80.58252427184466,0.3849850801297408,0.5310541443500528,-0.14969633798194693,0.11443152080532194,80.58252427184466,4.861161447112869e-9,0.9999999975159435,0,-0.06348912930271317,-0.12739241792005854,0.9550434398235617,0.9350770109596772
EPAR3,103,0.045151280090272555,0.22405186377353753,47.57281553398058,0.9374264320478742,0.7166987338733855,0.045151280090272555,0.22405186377353753,47.57281553398058,2.2413535187433005,0.6096043920614895,29.126213592233007,0.45474635843533334,0.5308038936340331,0.8786817527236517,0.7599976769137337
EQMA3B,103,0.2958748343494019,0.04876798581716137,73.73737373737373,0.7193917191014042,0.5954086886600847,0.2958748343494019,0.04876798581716137,73.73737373737373,2.3571042470140653,0.8110942801301945,0,0.48535748488953734,0.4686884382078337,0.9622991428619966,1.0274904206289206
EQPA3,103,-0.27275225131311204,0.5030797813325631,5.05050505050505,0.4147820966251526,-0.3181876379021495,-0.27275225131311204,0.5030797813325631,5.05050505050505,6.4661953687322445e-9,0.9999997386199811,0,0.15823465346156068,0.3671621260704647,0.9900812868262405,0.9902153098534145
EQTL3,103,-0.2827774331937935,0.29407112254668466,15.53398058252427,0.6087403745606654,-0.3556325704719327,-0.2827774331937935,0.29407112254668466,15.53398058252427,9.858605364259073e-9,0.9999998534398097,0,-0.22842524336461303,-0.06854896212918518,0.9939308311367366,0.9940673429291892
ESPA3,103,0.007699023355693735,0.4825395105786461,13.592233009708737,0.9912420544021359,0.9479064264562682,0.007699023355693735,0.4825395105786461,13.592233009708737,9.61379996598696e-9,0.9999999985382355,0,0.15636653726352032,0.1497612792940804,0.9741351326326995,0.9741377926080906
ESTR4,103,-0.015541980525141956,0.11118055975927528,75.72815533980582,0.7820417287347887,0.5866492597183935,-0.015541980525141956,0.11118055975927528,75.72815533980582,4.707079274893705,0.7946487387140415,0,0.07525135552012592,0.24956025763478884,0.9963848195571198,1.0665529015263038
ETER3,103,-0.05364389769089692,0.14578529903099535,73.7864077669903,1.022499135260016,0.932587876212384,-0.05364389769089692,0.14578529903099535,73.7864077669903,3.9932693743939206e-8,0.9999998494320986,0,0.0885089627018154,-0.01710129128911063,0.9851871990908304,0.9856525139388146
EUCA3,103,-0.010922995923240694,0.5178771446719252,13.592233009708737,1.1373745411141656,1.1348754630067184,-0.010922995923240694,0.5178771446719252,13.592233009708737,0.1368078102496187,0.9669768380266133,0,-0.0041648484791733135,0.00419629929051952,0.8115840922217102,0.811123460159638
EUCA4,103,-0.2859422679522874,0.051399660557871846,79.6116504854369,0.7805497287832488,0.8147368931736799,-0.2859422679522874,0.051399660557871846,79.6116504854369,7.842484137330089e-9,0.9999996809358905,0,0.05493056596923261,0.14216808346531273,0.9825298854977517,0.9812737365089469
EVEN3,103,0.0032915894512769305,0.19797303904857672,34.95145631067961,0.11725539766106084,0.12652982688444733,0.0032915894512769305,0.19797303904857672,34.95145631067961,0.24625147907298264,0.96063726510488745,2.912621359223301,0.0690967968144932,0.09641385864531381,0.9746244679662845,0.9693582314318568
EZTC3,103,-0.47220655158777375,0.18439015860513824,55.33980582524271,0.24170779329450162,0.3676042357466212,-0.47220655158777375,0.18439015860513824,55.33980582524271,9.935662621945944e-9,0.9999999868730254,0,-0.12131194260771953,-0.02930823632247936,0.9973556135176274,0.9974483981073297
FESA3,103,-0.10618012929706883,0.2378034107012952,44.66019417475729,0.7444305011307375,0.3241614483100375,-0.10618012929706883,0.2378034107012952,44.66019417475729,8.064559980345565e-9,0.999999698487768,0,0.07786160226109726,0.13052257280562982,0.9707681648951341,0.9721793545641408
FESA4,103,-0.20382715129245293,0.19013824545169528,58.252427184466015,1.0368902754267053,0.9623796047085819,-0.20382715129245293,0.19013824545169528,58.252427184466015,8.026276664773765e-9,0.999999991564352,0,0.0268421310252026,-0.01898745781680431,0.960573196810895,0.9605669280173844
FHER3,103,-1.0491605254555119,0.04048909592357714,85.43689320388349,0.10204528057325911,0.26936795920478906,-1.0491605254555119,0.04048909592357714,85.43689320388349,1.2945799100083741,0.9417475391571675,5.825242718446602,0.7212390067946447,1.0682604085237888,0.9773321066751458,0.9905952053856798
FLRY3,103,-0.44559871994554284,0.13776641512529383,60.19417475728155,0.6829037200236585,0.4076456665184402,-0.44559871994554284,0.13776641512529383,60.19417475728155,9.081768079466893e-9,0.9999999949499359,0,-0.07034827902640492,-0.08072165266606506,0.9856096421213013,0.9857948262127011
FRAS3,103,0.10057812186826476,0.3738762712517964,23.300970873786408,0.6146975163973077,0.48950417530711876,0.10057812186826476,0.3738762712517964,23.300970873786408,0.0015185905597841468,0.9967541404186374,0,0.0780783011620073,0.10260627299496371,0.9853619065733404,0.985301982502726
GEPA3,103,-2.5908510402068745,0.38741169738116793,41.74757281553398,0.7386933812264904,0.4808482170954147,-2.5908510402068745,0.38741169738116793,41.74757281553398,0.10428617989552322,0.975859033098504,0,0.2046839095608745,0.14605012562219347,0.9466372221390439,0.942425379792027
GEPA4,103,-2.4223138919194973,0.16831833562605836,42.857142857142854,0.3208887456420326,0.18766500258575752,-2.4223138919194973,0.16831833562605836,42.857142857142854,0.14498718149756973,0.8954767827966675,0,0.1841640111002623,0.33745097616335423,0.956823985790613,0.9651214362299673
GFSA3,103,0.46400659699994384,0.03300184851353893,86.40776699029125,1.1471279376653905,0.9776130448552075,0.46400659699994384,0.03300184851353893,86.40776699029125,39.105342549464154,0.5145775494487459,48.54368932038835,0.05033620383805293,0.022182689584674967,0.8497344965901157,0.8957047876231075
GGBR3,103,-0.06862776034428766,0.2751529937051809,26.21359223300971,0.6200316180374968,-0.0791651001466834,-0.06862776034428766,0.2751529937051809,26.21359223300971,9.111131024262983e-9,0.9999993612167152,0,-0.07219098132367895,0.07162507786254263,0.996559653414191,0.9966228855160618
GGBR4,103,-0.1747707547962409,0.3326795464421188,33.00970873786408,0.1331421241098477,0.19674779582647237,-0.1747707547962409,0.3326795464421188,33.00970873786408,9.606021758683978e-9,0.9999998916018793,0,-0.058869038336701464,-0.05534315144829178,0.992625204127945,0.9927156592115204
GMAT3,103,-0.450652637196337,0.17142449473939778,53.398058252427184,0.42582791160835926,0.44234461348938664,-0.450652637196337,0.17142449473939778,53.398058252427184,0.017101585924396014,0.9932284135760133,0,0.021014510462817406,0.12496965696768081,0.9848227833723991,0.9848914937887562
GOAU3,103,-0.11339036552446813,0.27487017297546185,21.35922330097087,0.45237406569531685,0.10434187648209489,-0.11339036552446813,0.27487017297546185,21.35922330097087,9.494346089548669e-9,0.9999988795253831,0,0.185227613537267,0.26958915637353364,0.9963176432003069,0.9964117449139743
GOAU4,103,-0.26068740727137774,0.4078814334080884,19.41747572815534,0.15673563473698265,0.17228184033719812,-0.26068740727137774,0.4078814334080884,19.41747572815534,9.679905064772379e-9,0.999999693313418,0,-0.041887460724527606,-0.026334471661446677,0.9940845876670127,0.9942026984744565
GRND3,103,0.13627067761534456,0.32504662861389083,27.184466019417474,-0.014399533847422825,-0.16265105029188082,0.13627067761534456,0.32504662861389083,27.184466019417474,9.999429274804575e-9,0.9999999931277049,0,0.04588304980524716,0.03300306460379738,0.9864440836266357,0.9865035459800044
GSHP3,103,-0.060757855266807714,1.1606041003142664e-6,100,1.0823743618586645,1.0926360829226394,-0.060757855266807714,1.1606041003142664e-6,100,9.071753545632162e-9,0.9999999999659559,0,0.29943435855287254,0.28173610328300375,0.6915932836172131,0.6225302941591255
HAGA3,103,-0.0702483644991667,0.30729941989611415,31.06796116504854,0.6339081946959108,0.7182619799222286,-0.0702483644991667,0.30729941989611415,31.06796116504854,0.6809100712237351,0.9509569236249885,0,0.19034635979695566,0.21895472521348133,0.9411816014697698,0.936356509199603
HAGA4,103,0.11232107601607444,0.38670068088966686,15.53398058252427,-0.19741619867344792,-0.335246529324006,0.11232107601607444,0.38670068088966686,15.53398058252427,9.5380679044519945e-09,0.999999267899005,0,0.3246608966841088,0.428732031429672,0.9954109914691801,0.9846382898023761
HAPV3,103,-0.5936121511708523,0.0978237416823466,88.3495145631068,0.5452904449900083,0.15824243415785655,-0.5936121511708523,0.0978237416823466,88.3495145631068,9.751333926132053e-9,0.9999999971990714,0,0.13572622551130997,0.22844043678878453,0.9730092114872104,0.9732385849913785
HBOR3,103,-0.33637070766085614,0.07343127631746094,75.72815533980582,0.875236964404958,0.9064222616659574,-0.33637070766085614,0.07343127631746094,75.72815533980582,9.72436539844901e-9,0.9999999969799256,0,-0.06739710229127276,-0.09772401917734976,0.9812593331398313,0.9830491946970374
HBRE3,103,0.14078777989697322,0.05796809714616499,55.33980582524271,0.7032798658940373,0.4383012421425167,0.14078777989697322,0.05796809714616499,55.33980582524271,1.0698601576997397e-8,0.9999992605355935,0,0.0017468696609150773,0.04931524282912441,0.9965131575420061,0.99753469472491
HBSA3,103,0.11341204666913307,0.2191525719549991,65.0485436893204,0.21223414467852253,0.007877724326561293,0.11341204666913307,0.2191525719549991,65.0485436893204,9.59768680550593e-9,0.9999991721535548,0,-0.0758717821121335,-0.13340977212725502,0.9962001420085802,0.9959660426470167
HBTS5,103,-0.16407129285233432,0.01857641458270807,90.47619047619048,0.3485152633646236,0.13884819352779518,-0.16407129285233432,0.01857641458270807,90.47619047619048,1.0083098695746305e-8,0.9999999923546298,0,0.026218795239435478,0.104807956033792,0.9838371704550829,0.9837173394268744
HETA4,103,-0.4009668658572355,0.04833393185088531,77.66990291262135,1.0491837367522958,1.0658142194098743,-0.4009668658572355,0.04833393185088531,77.66990291262135,2.8629012648395276e-9,0.999999999791259,0,0.221185981138491,0.19571197905913043,0.9227865699751197,0.9227516023058999
HOOT4,103,-0.03260978724120147,0.16335275663011614,56.310679611650485,0.7554435815350652,0.5887165117031445,-0.03260978724120147,0.16335275663011614,56.310679611650485,2.5800563997057067,0.9064504571539139,5.825242718446602,0.16248537858324422,0.19010210639789016,0.9539951121600957,0.8325685318492898
HYPE3,103,0.3266685096798352,0.19535803832250323,67.96116504854369,0.8748128412868402,0.5648102112886657,0.3266685096798352,0.19535803832250323,67.96116504854369,1.032711502081266e-8,0.9999999890480574,0,-0.13067262908256422,-0.22273008733253957,0.993759085393757,0.9945488656470913
INEP3,103,-0.0964952574395163,0.06845724236081357,72.81553398058253,0.8475078263154218,0.8169479285599819,-0.0964952574395163,0.06845724236081357,72.81553398058253,8.78356333701408e-9,0.999999994214225,0,0.21476460388352073,0.1831364408613592,0.9611065013892915,0.9532946024112707
INEP4,103,-0.004711736601286331,0.3844561603803314,26.21359223300971,0.5516156130996325,0.19219389321004282,-0.004711736601286331,0.3844561603803314,26.21359223300971,1.3195493933180597e-8,0.999999973566522,0,0.057894552213496486,-0.03972750579619634,0.97378102930981425,0.9736000264062046
IRBR3,103,0.1436304560059441,0.41664000782617694,31.06796116504854,0.6276259785970519,0.561751292061035,0.1436304560059441,0.41664000782617694,31.06796116504854,1.023476321532107e-8,0.999999989565156,0,-0.04638464908029151,-0.10141857731354748,0.9897271548186025,0.9906058563080615
ISAE3,103,-1.2636540343567362,0.2945488143375078,31.11111111111111,0.8687607934584194,0.4620425392360675,-1.2636540343567362,0.2945488143375078,31.11111111111111,0.07027744021219089,0.773609750543381,0,0.19216987274608532,0.22878953245280648,0.8657854517233793,0.8716143473287418
ISAE4,103,-0.035875113179671,0.7761935410905653,0,0.6856244140516565,0.5822815773289224,-0.035875113179671,0.7761935410905653,0,9.449322537647972e-9,0.9999965993026874,0,0.4192711854064755,0.4329734569119152,0.8726679039235047,0.9069370770975692
ITSA3,103,-0.7198568311540431,0.12393925979733442,53.398058252427184,0.7524824865116727,0.0991432860824229,-0.7198568311540431,0.12393925979733442,53.398058252427184,9.141704838123223e-9,0.9999998985524952,0,0.030326670325422744,-0.060757891117227826,0.9827941001704225,0.9857937542328131
ITSA4,103,-1.6170795255514254,0.07574323385316112,74.75728155339806,0.8571116093750522,-0.4596111867305026,-1.6170795255514254,0.07574323385316112,74.75728155339806,3.1001868913008745e-9,0.9999999966135553,0,0.09433490648297552,-0.032047060793529446,0.9055514182682924,0.9059051828228171
ITUB3,103,-0.49633300880032133,0.30759573403992313,17.475728155339805,0.8233693453978791,0.24473620770726606,-0.49633300880032133,0.30759573403992313,17.475728155339805,8.4278277352208e-9,0.9999999213339759,0,0.020240275641745638,-0.1591280378977223,0.9755443416064582,0.9756445457683999
ITUB4,103,-1.3701228485878696,0.040883696890113425,72.81553398058253,0.8105692158138161,0.033301480233077864,-1.3701228485878696,0.040883696890113425,72.81553398058253,7.388436594664744e-9,0.9999999553921329,0,0.013972165794190368,-0.011720729139391794,0.9663409783577974,0.9664517204115252
JFEN3,103,0.08082193346757677,0.2840748425402315,25.24271844660194,0.4235038251327446,0.2731837674788021,0.08082193346757677,0.2840748425402315,25.24271844660194,0.43090588688378045,0.9537239016793465,0,0.381280649984472,0.24379163328034448,0.7331607730259013,0.7241541505375254
JHSF3,103,-0.2528428071980929,0.18868977499706824,52.42718446601942,0.5025644635362615,0.5726018963411302,-0.2528428071980929,0.18868977499706824,52.42718446601942,9.690409601923987e-9,0.9999998963025623,0,-0.006212501417616452,-0.09089832980644934,0.9975083584235274,0.9975430743448296
JSLG3,103,0.007858727427133382,0.551210973595399,16.50485436893204,0.7238848574330379,0.7471217612158211,0.007858727427133382,0.551210973595399,16.50485436893204,0.04934001934159251,0.9420513747706544,5.825242718446602,-0.06650829138502692,-0.08884490772052075,0.9924054915542515,0.9950589078614289
KEPL3,103,-0.24304731503161447,0.21115399014689248,36.89320388349515,0.26457066367903254,0.18264508348957187,-0.24304731503161447,0.21115399014689248,36.89320388349515,9.781764948272526e-9,0.9999999877568353,0,0.17584338632179317,0.1815269287533679,0.9928991034333584,0.992732811802441
KLBN11,103,-0.6829496178828679,0.150695082472593,20.388349514563107,0.8787607786183435,0.5087432984582336,-0.6829496178828679,0.150695082472593,20.388349514563107,1.0139493882464685e-8,0.999999814733914,0,-0.04255353663873215,0.032064447538157285,0.9981712956527736,0.9982451674108779
KLBN3,103,-1.4054441345024586,0.003437377079153747,100,0.3734938872468651,0.005459367476982728,-1.4054441345024586,0.003437377079153747,100,9.477611832777218e-9,0.9999999560498329,0,0.05684271068823804,0.10480902720638241,0.9949693141449382,0.9951790325830053
KLBN4,103,-0.680561360416338,0.1232224898448473,12.62135922330097,0.7913989050058119,0.275056876168777,-0.680561360416338,0.1232224898448473,12.62135922330097,1.2503574400515582e-8,0.9999997789388483,0,-0.05716337756486109,-0.04369331902580987,0.9969824401423524,0.9969201101223787
LAVV3,103,0.05520262939701899,0.5705879717631462,7.766990291262135,0.5799043243541704,0.45311485958133196,0.05520262939701899,0.5705879717631462,7.766990291262135,0.4119461009863954,0.8686005545311419,0,0.23896099667056786,0.24395956892838647,0.7366822472537664,0.67758871374059
LEVE3,103,-0.016700905568572174,0.35268128214277167,45.63106796116505,0.8879480652862296,0.8449560096544563,-0.016700905568572174,0.35268128214277167,45.63106796116505,0.0036485977039198325,0.9994768022011731,0,-0.014034746912900756,-0.0016713032957744233,0.9856444612011211,0.9856119677706183
LIGT3,103,0.2710550054030377,0.16481340193173005,56.310679611650485,0.8916290812155798,0.500876627034205,0.2710550054030377,0.16481340193173005,56.310679611650485,1.9159829435620737,0.8935565224816849,10.679611650485436,0.23364925631036693,0.03631494810561839,0.9284765096495605,0.910245889568431
LJQQ3,103,-0.09806268987623884,0.5377577167041708,10.679611650485436,0.6732086964175711,0.6225706969603929,-0.09806268987623884,0.5377577167041708,10.679611650485436,0.3826593415376453,0.9812469715771063,0,0.0813991443227849,0.1012758771272373,0.9568379629487147,0.9433465581237617
LOGG3,103,-0.03080150472731408,0.41535327826588436,5.825242718446602,0.2998584059811484,0.39672835087787073,-0.03080150472731408,0.41535327826588436,5.825242718446602,0.008578817674232613,0.9909040964102511,0,0.35477824775400224,0.3593052555011757,0.9201596453453967,0.9277821022317891
LOGN3,103,-0.17271643192724068,0.03413635659246392,84.46601941747572,0.6420282181018508,0.3080128215623145,-0.17271643192724068,0.03413635659246392,84.46601941747572,7.917858652031644e-9,0.9999998257288366,0,0.15673746324532278,0.13772998122458993,0.9806619227984212,0.9776160422450039
LPSB3,103,-0.0025462989852892796,0.6011117400020993,7.766990291262135,-0.06749358705310417,-0.043816810052861574,-0.0025462989852892796,0.6011117400020993,7.766990291262135,0.5877177158313336,0.8874848503601441,0.9708737864077669,0.27155651846700274,0.25226379232375734,0.8416055105547526,0.8726547908966685
LREN3,103,0.007614525157176993,0.7338000404380158,1.9417475728155338,-0.5432840419442589,-0.4542503525582801,0.007614525157176993,0.7338000404380158,1.9417475728155338,9.990582506097672e-9,0.9999999165252603,0,-0.26758371395534303,-0.22888915418064903,0.9951810512827843,0.9948869094232544
LUPA3,103,-0.02132155309920391,0.14115889390205402,28.155339805825243,0.9262042434802804,0.9347397456665874,-0.02132155309920391,0.14115889390205402,28.155339805825243,2.4422346980168083e-7,0.999999820254538,0,0.44311142557028,0.45973440172110586,0.875071562413828,0.88168296211735675
LUXM4,103,-0.633804693022688,NA,NA,1.1068859285017536,0.5352982072911675,-0.633804693022688,NA,NA,9.980997762219241e-9,0.9999999929316048,0,0.08708980555721857,0.13168890906276273,0.9557832475054887,0.9564828033037983
LWSA3,103,-0.7061379687194844,0.047543442356024604,87.37864077669903,0.48355068359204106,0.515132910516714,-0.7061379687194844,0.047543442356024604,87.37864077669903,7.454889402307558e-9,0.9999999995398743,0,0.06787595372524705,0.1661400712399377,0.9384710345584472,0.9361898815537428
MBRF3,103,0.018896544776188292,0.27858266042214186,0,0.5924899859207983,0.4660897234847059,0.018896544776188292,0.27858266042214186,0,2.7007801154241027,0.61310484303524,12.5,-0.17825514647806895,-0.10043230208577504,0.9506637464646422,0.9497414490943903
MDIA3,103,-0.04820741450829097,0.21643445241640755,28.155339805825243,0.7099588923291443,0.5824802209762677,-0.04820741450829097,0.21643445241640755,28.155339805825243,9.069483653026372e-9,0.9999999101921643,0,-0.0676700915771428,-0.05109470059022688,0.9835762668080474,0.9812759486611762
MDNE3,103,-0.0067361999663458575,0.11243098737693923,77.66990291262135,0.15381913314676857,0.38112821790929513,-0.0067361999663458575,0.11243098737693923,77.66990291262135,1.0674220937855449e-8,0.9999999266576857,0,-6.08485792970202e-4,-0.07692589301919604,0.9009626411968769,0.9087146071209627
MEAL3,103,-0.05573204214565894,0.3983924625849645,41.74757281553398,0.8258509411134984,0.7189843470771468,-0.05573204214565894,0.3983924625849645,41.74757281553398,1.0013114237130765e-8,0.9999998390973832,0,-0.49956187641893957,-0.48122141013037517,0.9943057071237645,0.9947284185520593
MELK3,103,-0.019521991314186415,0.32782959051385574,43.689320388349515,0.01739501809414131,-0.13992589813407705,-0.019521991314186415,0.32782959051385574,43.689320388349515,9.176449592783782e-9,0.9999976332444286,0,-0.21129046962412626,-0.15704967997042163,0.9984093424737404,0.9984758589709581
MGEL4,103,-0.6653512359703312,0.053584607586166566,73.7864077669903,0.7796319632669372,0.8347449176892872,-0.6653512359703312,0.053584607586166566,73.7864077669903,9.978738969918428e-9,0.9999999371244823,0,-0.057923209391513346,-0.1123013225701849,0.9956885075950819,0.9960673414293737
MGLU3,103,-0.3398082624941699,0.166364231720302,36.89320388349515,0.5543040960257749,0.6176171969077996,-0.3398082624941699,0.166364231720302,36.89320388349515,5.859903818270925e-9,0.9999999996239322,0,0.13276989965162272,0.1522400371682474,0.9440251850360308,0.944031853101115
MILS3,103,-0.011644901262686014,0.7064675989806827,0,0.9625255769321927,0.9057818512334442,-0.011644901262686014,0.7064675989806827,0,0.0010298864422409416,0.9990701675325235,0,0.14397488681925483,0.1321978027527007,0.976576317812715,0.9766136055117793
MNDL3,103,0.013640317443791771,0.5486618012308729,10,0.2608197990808989,0.1382395157202556,0.013640317443791771,0.5486618012308729,10,1.028478170719622e-8,0.9999999909427582,0,0.15347589122710253,0.2274397362709394,0.9747442434164076,0.9582733121979731
MNPR3,103,0.20345030113751963,0.023281994087988367,85.43689320388349,0.2808792190602955,0.26021357088184016,0.20345030113751963,0.023281994087988367,85.43689320388349,1.6289438381543688,0.9270361912588813,0.9708737864077669,-0.009607329162650807,-0.1185415789158843,0.9668289453343607,0.9646415903529155
MOVI3,103,-0.7558146169037386,0.1303476256660932,48.54368932038835,0.4222877861530708,0.6014576781296304,-0.7558146169037386,0.1303476256660932,48.54368932038835,0.6623103865255668,0.9865904720789921,0,0.40406549407050807,0.5143945592532314,0.8391947967297982,0.8378992742599746
MRSA3B,103,-7.00157321017113,0.022985118169921985,93.06930693069307,0.06279033676859434,-0.022365181405479332,-7.00157321017113,0.022985118169921985,93.06930693069307,1.1646565368239104e-7,0.9999995878826105,0,-0.0936742911829077,-0.09649138985226237,0.988312486131211,1.0548489129079537
MRVE3,103,-0.3123403522902217,0.27117589506754947,45.63106796116505,0.7120259792923475,0.3631716648569208,-0.3123403522902217,0.27117589506754947,45.63106796116505,9.03736755997541e-9,0.9999999507901788,0,0.1396428851058646,0.01641584092854787,0.9839528995546781,0.9816430233937415
MTRE3,103,-0.18357286951840046,0.11105153258578276,56.310679611650485,0.8734822116101658,0.8362790729606647,-0.18357286951840046,0.11105153258578276,56.310679611650485,9.456680843493414e-9,0.999999987454958,0,0.03750614148201364,0.024726770798605597,0.9906635654131545,0.990965950916275
MTSA4,103,-0.17106569824999163,0.12486006301076447,57.28155339805825,0.3422065635176229,0.3465037527622317,-0.17106569824999163,0.12486006301076447,57.28155339805825,0.006854805848710549,0.998617233458018,0,0.276326384002411,0.24374641753032605,0.6191617274964039,0.6193537784812675
MULT3,103,0.07931770711769617,0.3551693898195482,19.41747572815534,0.519533027431027,0.5160447057975137,0.07931770711769617,0.3551693898195482,19.41747572815534,0.17752656846735365,0.8775435540141441,0.9708737864077669,0.09511847649003606,0.1400984996403058,0.9376986364715078,0.9368415497335033
MWET4,103,-0.08721169995882079,0.2507758703136187,51.45631067961165,0.7925694484635386,0.7208857792172594,-0.08721169995882079,0.2507758703136187,51.45631067961165,8.774054376516862e-9,0.999999997176973,0,-0.38081385158697084,-0.3332802445170964,0.9799482525513596,0.9791831394946298
MYPK3,103,0.16004114363879293,0.20787754066931333,19.41747572815534,0.4415528149036912,0.2437813614612046,0.16004114363879293,0.20787754066931333,19.41747572815534,9.638814242431263e-9,0.9999999338668312,0,-0.032837046041248714,-0.08452210878283674,0.9898218895943129,0.9909246155273771
NEOE3,103,-0.21305781881551045,0.6297419508818786,13.592233009708737,0.14017840784658062,0.11853276865387659,-0.21305781881551045,0.6297419508818786,13.592233009708737,1.0115051389256803e-8,0.9999996286835382,0,0.2666233013016778,0.27682723092223516,0.9952941827011292,0.9967426803360367
NEXP3,103,0.0504950933856493,0.08958170332331435,57.28155339805825,1.0377896217957998,1.0735089076770725,0.0504950933856493,0.08958170332331435,57.28155339805825,0.15637951116598878,0.9201041838734614,0,0.7337544814718789,0.6535850423030009,0.9983084816306773,1.1059761184336285
NGRD3,103,-0.06255906361236567,0.316164897328615,19.41747572815534,1.0029443309137547,0.9272702527690729,-0.06255906361236567,0.316164897328615,19.41747572815534,1.0102023756057416e-8,0.9999999602515638,0,0.11024935702076841,0.07932402557959171,0.9718396249376824,0.968166867620458
NUTR3,103,-0.28740141409454756,0.11801644675173173,62.13592233009708,0.5874525275971738,0.7843923554626635,-0.28740141409454756,0.11801644675173173,62.13592233009708,9.79972575935242e-9,0.9997964275028077,0,-0.1679466807889486,-0.09663730093354843,0.976622111626641,0.9767513048227633
ODPV3,103,0.005044561199791457,0.6989531674893277,1.9417475728155338,0.8500822865003064,0.6610202307616914,0.005044561199791457,0.6989531674893277,1.9417475728155338,0.06627367662658615,0.9754682887913836,0,0.033364844032360494,0.06949703347682022,0.9304080398661837,0.914465181807385
OFSA3,103,-0.09557328533031967,0.3213713442174328,33.00970873786408,-0.24068759405953036,-0.013054704299843853,-0.09557328533031967,0.3213713442174328,33.00970873786408,9.532324724768739e-9,0.9999998787442164,0,0.07861571944280062,0.10899224525064997,0.9947500371047232,0.9941515502341104
OIBR3,103,1.0822261378141091,0.28921852577017154,56.310679611650485,0.31668856502091286,-0.09561704286146602,1.0822261378141091,0.28921852577017154,56.310679611650485,1.7932817499866887,0.978089403941046,0,1.4311997531760379,0.2466613134691282,0.94559764312425,0.9352109772057088
OIBR4,103,0.03985800322666759,0.4455707754855861,16.50485436893204,0.5847498677025913,0.6871827351745844,0.03985800322666759,0.4455707754855861,16.50485436893204,2.4868786366738046e-5,0.9999979061463781,0,0.4409834270760955,0.36863955437636137,0.8783180721256963,0.8828023786677389
OSXB3,103,-0.04427982510300585,0.4087580043318623,24.271844660194176,1.1591625492411382,0.9381539884942082,-0.04427982510300585,0.4087580043318623,24.271844660194176,1.7990482799991692,0.7743122064570253,5.825242718446602,0.11289630801567939,0.13353107092036662,0.9843135829513722,0.982719367480041
PATI3,103,0.22739421125200474,0.12092565093422035,77.66990291262135,0.7410726056568359,0.4765700019418936,0.22739421125200474,0.12092565093422035,77.66990291262135,14.1184935909324,0.5885341689785296,7.766990291262135,0.14823388381421804,-0.03637301659626099,0.9176281448530992,0.8820132667335372
PATI4,103,0.03336698002485538,2.3574242287460745e-4,100,0.5541085493735542,0.5282036075482947,0.03336698002485538,2.3574242287460745e-4,100,1.9417474769137095,0.020551267016464703,100,0.323641825863262,0.29131342346112454,0.7835715150299458,0.7874114072781723
PCAR3,103,-0.8261335684633676,0.0021018852834067277,99.01960784313727,-0.12217541700287243,-0.13832765832480265,-0.8261335684633676,0.0021018852834067277,99.01960784313727,9.5017092149918e-9,0.9999999982006856,0,0.07095573395457441,0.47830456371345165,0.9916808756457085,0.7140083527366061
PDGR3,103,0.7174525990467567,0.04156234443239849,74.75728155339806,-0.2247516114712312,-0.439499412185767,0.7174525990467567,0.04156234443239849,74.75728155339806,9.809315946278254e-9,0.9999999995273108,0,-0.3017464490354434,-0.36441825631484237,0.9495953167443018,0.9984557670418696
PDTC3,103,0.01845454095446727,0.6397449551300871,13.592233009708737,0.4715738869172726,0.42632917557178496,0.01845454095446727,0.6397449551300871,13.592233009708737,1.0200029185798306e-8,0.9999996379938895,0,0.13026634869276785,0.14021077865743503,0.9973368576859266,0.9974849687644154
PEAB3,103,-0.2677788712770997,0.12167918048461593,11.11111111111111,0.4482942272751516,0.5072556559174152,-0.2677788712770997,0.12167918048461593,11.11111111111111,9.64701833493955e-9,0.9999999939977965,0,0.3662141138962704,0.3783108152622442,0.921295909479884,0.918105464907818
PEAB4,103,-1.2821681885322656,0.049586810153568826,90.29126213592234,0.34073905142465727,0.011592699527842205,-1.2821681885322656,0.049586810153568826,90.29126213592234,9.964481528027227e-9,0.9999999142736453,0,-0.30397771696267795,-0.16879931189989114,0.9951289134969005,0.9953266962369816
PETR3,103,-0.8742314953117925,0.06347196085494221,66.01941747572816,0.7396700512663872,0.678230915179321,-0.8742314953117925,0.06347196085494221,66.01941747572816,5.101361393120142e-9,0.9999999989943245,0,0.14725836716428642,0.2619004302379544,0.933681096902644,0.9337962528581215
PETR4,103,-0.47126159977288506,0.1925067581116693,10.679611650485436,0.7164858372194605,0.6086607353241504,-0.47126159977288506,0.1925067581116693,10.679611650485436,4.942671207062553e-9,0.9999999523656902,0,0.19783148214887683,0.33307444639314704,0.9315746873782266,0.9316209095541659
PFRM3,103,-0.038822949642321476,0.4802827232299671,0.9708737864077669,0.6616132265290959,0.6885949615509923,-0.038822949642321476,0.4802827232299671,0.9708737864077669,0.14066793396011645,0.9113177902870828,3.8834951456310676,0.3396031084294353,0.3186334917464525,0.7030542303439479,0.725587782586361
PGMN3,103,-0.22899953804001538,0.03748354790970119,70.87378640776699,0.350515636191583,0.18597586624088963,-0.22899953804001538,0.03748354790970119,70.87378640776699,9.687867453098758e-9,0.9999999619430421,0,-0.1715636826014586,-0.02505202968801456,0.9955817846622316,0.9945393570191239
PINE3,103,1.0353710740169648,0.058156402905350055,85.43689320388349,0.890812136159546,1.0109166151902385,1.0353710740169648,0.058156402905350055,85.43689320388349,5.255161228719926e-9,0.9999597759174534,0,0.14790538348521487,0.26183864910109594,0.9968202783899168,1.2693505746360316
PINE4,103,-0.05859970616218255,0.5228541376759074,22.330097087378643,0.8463437044579181,0.8259074624552881,-0.05859970616218255,0.5228541376759074,22.330097087378643,0.06326068582470472,0.9854182515608272,0,0.3484443812979578,0.2655751451669606,0.8991566727245939,0.8973122362467367
PLAS3,103,-0.1569750287056939,0.3353922126779518,15.625,0.8327619678666135,0.7325672454526588,-0.1569750287056939,0.3353922126779518,15.625,2.0229504856518195e-7,0.9999993000479517,0,0.21857153579280436,0.1585685171923275,0.898998328630792,0.8738832416781916
PLPL3,103,-0.004128440368660031,0.3660889654777657,20.388349514563107,0.4196166275030815,0.3515192191887859,-0.004128440368660031,0.3660889654777657,20.388349514563107,9.85167179317113e-9,0.9999998381298874,0,-0.07034066810957564,-0.07652253679056178,0.9958085584939749,0.9958794066213073
PMAM3,103,0.2987516246316032,0.028025023702761588,94.1747572815534,0.6423728735682556,0.5162737899240202,0.2987516246316032,0.028025023702761588,94.1747572815534,1.310211437899551e-8,0.9999999890068965,0,0.1458184683808676,-0.07332406261473531,0.9477156814243826,0.9507986276846071
PNVL3,103,-0.021430278408624482,0.29225757078389775,20.388349514563107,0.7822003904990511,0.5037169514152915,-0.021430278408624482,0.29225757078389775,20.388349514563107,7.610441641985428e-9,0.9999998619585252,0,0.11975543983124427,0.16417295468406481,0.9675297659396501,0.9672160360631282
POMO3,103,-0.4042899056111064,0.04660174461785503,87.37864077669903,0.24333480166274274,0.4224363856794691,-0.4042899056111064,0.04660174461785503,87.37864077669903,7.847342927957868e-9,0.9999998267726079,0,0.1906871822036136,0.17766221742068705,0.7346734157022702,0.6980675584488001
POMO4,103,0.5040336394567939,0.11460227299513384,74.75728155339806,0.511791257701739,0.06918379362525587,0.5040336394567939,0.11460227299513384,74.75728155339806,9.892515450679716e-9,0.9999999762436355,0,-0.35973719531133846,-0.3130999803205547,0.984078760878916,0.984031393613529
POSI3,103,-0.15305223896682166,0.38724000633451294,35.92233009708738,0.9800885202599451,0.7414851459017759,-0.15305223896682166,0.38724000633451294,35.92233009708738,9.155270452096853e-9,0.9999999934461142,0,0.17571667348072859,0.24094057548631534,0.9757157271625543,0.9757682524459659
PPLA11,103,-0.028657069525366195,0.4499102567337915,0,0.22199134020143169,0.20514209718537812,-0.028657069525366195,0.4499102567337915,0,8.621852840981625e-9,0.999999999970235,0,0.48601554231229216,0.4925397687203909,0.9650331158155838,0.9682756631241746
PRIO3,103,-0.42668915268889185,0.2565713572590311,30.097087378640776,0.6652928551275299,0.3769023052444563,-0.42668915268889185,0.2565713572590311,30.097087378640776,9.605387791390847e-9,0.9999999139560621,0,-0.020461786651185875,-0.06239629849687254,0.9934011548593424,0.9934030539132285
PRNR3,103,-0.03292039042832047,0.12226670311048014,49.51456310679612,0.2629393268871101,0.035717905274004515,-0.03292039042832047,0.12226670311048014,49.51456310679612,1.1783773961083811e-8,0.9999981855119023,0,-0.020105802942780283,-1.0231307906983336e-4,0.9964610469792012,0.9964634559872438
PSSA3,103,-0.24534598218057907,0.4461320846689009,3.8834951456310676,0.08409527612477463,0.051340929988636354,-0.24534598218057907,0.4461320846689009,3.8834951456310676,7.727999221583415e-9,0.9999997293849137,0,0.23120717886783168,0.2936841714805025,0.9836201661529695,0.9836627079504892
PTBL3,103,-0.04521138141994475,0.363015752871823,20.388349514563107,-0.05254301242323425,-0.2899520276938382,-0.04521138141994475,0.363015752871823,20.388349514563107,1.0032585171804478e-8,0.9999998372483497,0,-0.285124887800069,-0.3269445333050239,0.9984830760828173,0.9986327971421927
PTNT3,103,0.05237166754804123,0.6297189148327399,6.796116504854369,0.7283953900486613,0.7130343137029461,0.05237166754804123,0.6297189148327399,6.796116504854369,0.5682674731392791,0.9004454293661376,0,0.2921059298411624,0.2908184033111483,0.8697099947478414,0.8613770586900772
PTNT4,103,0.21598676247558632,0.30246545392414376,6.097560975609756,0.42963180826696173,0.39904030757636494,0.21598676247558632,0.30246545392414376,6.097560975609756,7.23561816537449,0.8440403001835192,0,0.21774724371880513,0.17984533344599915,0.8454255500711,0.8360122796059338
QUAL3,103,-0.6507165397845955,0.08628715550525388,66.99029126213593,0.24875473211597537,0.14929141799244283,-0.6507165397845955,0.08628715550525388,66.99029126213593,9.738809828992379e-9,0.999999995645406,0,-0.04958340563201066,0.01812532104935795,0.9866501282132866,0.986502904965931
RADL3,103,0.1992507193515019,0.2429224415740687,24.271844660194176,-0.12583101047238604,-0.2935912483293551,0.1992507193515019,0.2429224415740687,24.271844660194176,9.892740024169808e-9,0.9999999965158993,0,-0.05665573533878632,-0.059983946841861514,0.9833703207061113,0.9898675905736641
RAIL3,103,-0.19769294497305195,0.2694960479079864,42.71844660194174,0.3786677907617965,0.1352742602839558,-0.19769294497305195,0.2694960479079864,42.71844660194174,8.242714368624816e-9,0.9999999973867792,0,-0.03045097465825156,0.017488534030073766,0.9742431163245923,0.9688759658098179
RANI3,103,-0.003017902115221145,0.1860759719318555,57.28155339805825,0.7846185344928124,0.37846227886355466,-0.003017902115221145,0.1860759719318555,57.28155339805825,9.60346233612685e-9,0.9999993082140328,0,-0.21189523957050474,-0.18529123184113566,0.9979044738153742,0.9979268552015214
RAPT3,103,0.013524787234086028,0.21361710981093454,59.22330097087378,0.46619541946240733,0.4083229870865291,0.013524787234086028,0.21361710981093454,59.22330097087378,1.0636647112940135e-8,0.9999998323233462,0,-0.18441074779791242,-0.12150971110781378,0.9803159986738814,0.9857920096191399
RAPT4,103,0.13188510047676738,0.4299129668954055,5.825242718446602,0.4007306214960081,0.3480202963344894,0.13188510047676738,0.4299129668954055,5.825242718446602,0.20688844190005315,0.9711467470031778,0,0.23683393889082957,0.28211480498657865,0.9426178364185948,0.96994787585753
RCSL3,103,-0.025551043107161577,0.3987651930683158,40.77669902912621,1.0907976904278194,1.109601464967136,-0.025551043107161577,0.3987651930683158,40.77669902912621,0.06024984508563216,0.9957662037674464,0,0.2056569410750293,0.22932564107475067,0.9705038490392979,0.9713721757266165
RCSL4,103,-0.2821406680168271,0.0032432690206768196,99.02912621359224,0.8270200629990818,1.0965691574128014,-0.2821406680168271,0.0032432690206768196,99.02912621359224,9.224860103572299e-9,0.9999999978375278,0,0.16978486993447386,0.04140766250932587,0.7888921539690863,0.822555192893872
RDOR3,103,-0.3209421349699744,0.12502285140463348,38.83495145631068,0.7310109132863537,0.7753060477829361,-0.3209421349699744,0.12502285140463348,38.83495145631068,9.904080631058838e-9,0.9999999969855912,0,0.21194305087752238,0.2451399772268623,0.9814734406576384,0.9814730424877699
REDE3,103,-0.5739653641903187,0.02449056148107744,92.07920792079209,0.8541392781925528,0.5640756030231384,-0.5739653641903187,0.02449056148107744,92.07920792079209,0.5763557950220475,0.93518485544742,4.854368932038835,0.4644741560660161,0.5307847169623255,0.9694286159416198,0.9393102979779998
RENT3,103,-0.41894481943071354,0.15616659039563227,71.84466019417476,0.7023381846515867,0.7752461896264036,-0.41894481943071354,0.15616659039563227,71.84466019417476,4.096980369462862e-9,0.9999998605601251,0,0.2058739706930215,0.07236003038613378,0.8823474525662751,0.8857079441500861
RNEW3,103,0.02070007931607974,0.47784544495310954,27.184466019417474,0.39022228360368216,-0.01913983555282523,0.02070007931607974,0.47784544495310954,27.184466019417474,0.05594118950879402,0.9775740369068865,1.9417475728155338,0.11990546824909787,0.0657598276910381,0.9725617404615233,0.9748453881066826
RNEW4,103,0.015086846269987872,0.3184792920746925,33.980582524271846,0.6027001899927973,0.4559453288877426,0.015086846269987872,0.3184792920746925,33.980582524271846,0.07340811140022671,0.9533633561561152,0,-0.028301386833546247,-0.009047088878109438,0.9641236705169829,0.9716143965571489
ROMI3,103,-0.37993481134764145,0.10594804167847575,50.48543689320388,0.5520762568847434,0.09298804499402279,-0.37993481134764145,0.10594804167847575,50.48543689320388,9.81154972239654e-9,0.9999999948063489,0,0.05035201670459816,-0.016664907922324997,0.9862416125119999,0.9862416960254816
RPAD3,103,0.17373767801508,0.3403998030852395,59.756097560975604,0.03777847709634549,-0.45705425191593685,0.17373767801508,0.3403998030852395,59.756097560975604,2.6745114010789783,0.8435173667481126,13.414634146341465,0.17022396577500118,0.39053650805908424,0.9631299959147623,0.9880641336557603
RPAD5,103,-3.265712680343551,0.03480585502774658,64.70588235294117,0.876671408963547,0.6821742116240425,-3.265712680343551,0.03480585502774658,64.70588235294117,1.955019576551148,0.9266637469417768,0,0.15436162384623106,0.1443757556920887,0.9575848550546467,0.9559313170963236
RPAD6,103,-5.765439188416501,0.03026014679448867,90.29126213592234,-0.26807455462920554,0.17228855048150168,-5.765439188416501,0.03026014679448867,90.29126213592234,9.783416100759629e-9,0.9999999872980486,0,-0.09105557156381447,0.009222533111817467,0.9712484105994166,0.9688634723184175
RPMG3,103,-0.13603189172676705,0.3125080320001646,40.77669902912621,0.9636609641303144,1.0441190701052214,-0.13603189172676705,0.3125080320001646,40.77669902912621,0.0032268650258419117,0.9980236776185003,0,0.46846678745596737,0.4758995948098757,0.9039097845702764,0.9185812932151801
RSID3,103,0.019709534669398236,0.37518224240063996,6.796116504854369,0.5788640114105014,0.5639322254758691,0.019709534669398236,0.37518224240063996,6.796116504854369,0.04917521568388732,0.9895797390436687,0,0.29349830259637605,0.27903054085987666,0.9438995321591019,0.9574873120351136
RSUL4,103,-0.12649054782144747,0.27381031452597304,32.038834951456316,0.672968763754137,0.4582058231854543,-0.12649054782144747,0.27381031452597304,32.038834951456316,7.565304394525742e-9,0.9999994645890249,0,0.1502181085837508,0.16859928757974074,0.9607930207872345,0.9641382975925695
SANB11,103,-0.08903692687200226,0.6913270380654356,1.9417475728155338,0.3300067989706755,0.21485287020257854,-0.08903692687200226,0.6913270380654356,1.9417475728155338,0.1690974934489964,0.9304012818812031,5.825242718446602,0.21098744894228938,0.24093219977290664,0.9851040609568534,0.9785267585242847
SANB3,103,-0.21602323967574713,0.5032491056519177,3.8834951456310676,0.29309211831618526,-0.24780492252245348,-0.21602323967574713,0.5032491056519177,3.8834951456310676,1.0497793159827505e-8,0.9999985688397706,0,-0.06917414386639162,0.2269127649934159,0.9929846324388395,0.9930445208860941
SANB4,103,-0.14557013914821232,0.53743257872576,22.330097087378643,0.329843399842094,0.04198316559835503,-0.14557013914821232,0.53743257872576,22.330097087378643,0.018380009486809613,0.9902912961027791,0.9708737864077669,0.10671891773582727,0.13692730541704318,0.9920363786890128,0.99208084183013
SAPR11,103,-0.561696244491656,0.11981008656240633,44.66019417475729,0.7342208778966399,0.5795642509648398,-0.561696244491656,0.11981008656240633,44.66019417475729,2.1656639531590306e-9,0.9999999992822236,0,0.24499265667487344,0.1616889838535851,0.745160204714255,0.7427819401170902
SAPR3,103,0.03835178747849055,0.12643012888760416,38.83495145631068,0.5397136929490929,0.32228720905311176,0.03835178747849055,0.12643012888760416,38.83495145631068,2.383977806640816,0.7352555855470537,1.9417475728155338,0.16125610751305253,0.11710785222535364,0.7905911688596727,0.6004000964554855
SAPR4,103,-0.2102160042045053,0.6344406451215927,5.825242718446602,0.7057436019320005,-0.10285420471981523,-0.2102160042045053,0.6344406451215927,5.825242718446602,0.01965807570838709,0.9967603169801845,0,0.1596241845128035,0.03369419266245127,0.9579973579485621,0.94657687575393
SBFG3,103,0.141672835111078,0.08678763725756257,69.90291262135922,-0.13666657845476027,0.0410567301271617,0.141672835111078,0.08678763725756257,69.90291262135922,1.0663156097361574e-8,0.999999998796479,0,-0.047393193802287695,0.02962542196465336,0.9788379714736574,0.9782488888456117
SBSP3,103,0.15395782960268212,0.30684337173818643,9.70873786407767,0.8484192607325373,0.5948010083180534,0.15395782960268212,0.30684337173818643,9.70873786407767,9.933220688204043e-9,0.9999999810630305,0,-0.0028501043199316628,0.008677040537965804,0.9840482593152625,0.9840489108907898
SCAR3,103,0.21211554416243808,0.2609230577885647,24.271844660194176,0.7451557556338536,0.682464491080299,0.21211554416243808,0.2609230577885647,24.271844660194176,6.369758348130056,0.6740465585037887,0.9708737864077669,0.14605058884038,0.12307556628049326,0.8737768389062115,0.7851434422606728
SEER3,103,0.08889920475436991,0.18608371882734207,9.70873786407767,0.8363477301853453,0.7569269754154151,0.08889920475436991,0.18608371882734207,9.70873786407767,0.36725965885730016,0.9373410700899111,0.9708737864077669,-0.03751444946963667,-0.08555334954743002,0.9826348578129909,0.9854975639426021
SEQL3,103,-0.19513305719735488,0.37607640624532346,12.62135922330097,0.14155845226770494,0.1649743906125211,-0.19513305719735488,0.37607640624532346,12.62135922330097,9.992941159384722e-9,0.9999999983590485,0,0.13711038617334584,0.17280576727882815,0.997396501235952,0.9983045901265001
SHOW3,103,-1.4920762329096582e-4,0.44467028428697974,16.50485436893204,0.9093876083171555,0.7769643472792371,-1.4920762329096582e-4,0.44467028428697974,16.50485436893204,0.006040470272047086,0.9995238695830011,0,-0.008223005416413638,-0.004858121564325822,0.9912188808442638,0.9897103271138223
SHUL4,103,-0.11872751680991998,0.3017497915350502,13.592233009708737,0.6790936697262655,0.7592536389696851,-0.11872751680991998,0.3017497915350502,13.592233009708737,9.486752079245206e-9,0.9999999403736752,0,0.18947598428154933,0.14324834428647304,0.9900033247231544,0.9900455498090642
SIMH3,103,-0.3533815674788761,0.07870310950170413,84.46601941747572,0.3716863212413777,0.5229525043959959,-0.3533815674788761,0.07870310950170413,84.46601941747572,9.509818193217968e-9,0.9999999293740895,0,0.08896479966179412,0.07715822329501458,0.984822092531913,0.9847289190506017
SLCE3,103,-0.1079941998661337,0.28323734096281233,37.86407766990291,0.7300867744413729,0.37941058266039457,-0.1079941998661337,0.28323734096281233,37.86407766990291,8.10479640880669e-9,0.9999999595804273,0,0.011771239124947487,-0.023008611254430284,0.9786170700555045,0.9786223721615237
SMTO3,103,-0.07821267919505041,0.31146229115848034,21.35922330097087,0.710063390838061,0.8516788493691324,-0.07821267919505041,0.31146229115848034,21.35922330097087,1.0598756915323345e-8,0.999999995041455,0,0.06854805512074695,0.08168565007935778,0.977074994907747,0.9769395702089797
SUZB3,103,-0.6994127014403,0.070876989099789,68.93203883495146,0.583963352784216,0.3424325862896515,-0.6994127014403,0.070876989099789,68.93203883495146,9.937099320919797e-9,0.9999999172778128,0,-0.099433298742114,-0.010222499706830111,0.9976357900040759,0.9977531496512785
SYNE3,103,1.115444918259468,0.01195949367317545,88.3495145631068,-0.20422779760666945,-0.22239955682312082,1.115444918259468,0.01195949367317545,88.3495145631068,9.94141748821409e-9,0.9999999893824363,0,0.03733098941705898,0.10775006204626958,0.9927850427606115,0.9844572460069207
TAEE11,103,0.7530613207951193,0.07926816210432482,59.22330097087378,0.8739904078738361,0.6726863620261512,0.7530613207951193,0.07926816210432482,59.22330097087378,0.23861377375557927,0.8591615632231953,0,-0.06248983105635498,0.023902969031613795,0.9064299072867753,0.8976351255782273
TAEE3,103,0.7271916030589018,0.03902010527335853,92.23300970873787,0.7629245076463914,0.6918096177835157,0.7271916030589018,0.03902010527335853,92.23300970873787,0.3542894762343103,0.8754560683447669,11.650485436893204,0.0316185504298849,-0.1248194981117199,0.8907254648253823,0.8708221370301658
TAEE4,103,0.6202078053856209,0.08725524685851811,60.19417475728155,0.9566858282266805,0.6223204442998644,0.6202078053856209,0.08725524685851811,60.19417475728155,0.18175020354177385,0.8662245808819926,0.9708737864077669,-0.07789053457021372,-0.13378504541181918,0.9080270203078912,0.8969841476843469
TASA3,103,0.03927560194473317,0.1468982698511912,55.33980582524271,0.7690276721032918,0.7816989632886633,0.03927560194473317,0.1468982698511912,55.33980582524271,0.13309158688826225,0.8932038437104547,10.679611650485436,0.12702228191854295,0.059080916861473536,0.928435627328145,0.9430004433335888
TASA4,103,0.42006071597789923,0.12929399883915504,55.33980582524271,0.5337972428629939,0.5116446053939931,0.42006071597789923,0.12929399883915504,55.33980582524271,2.4364199713919246,0.7943271924739779,13.592233009708737,0.09915053052640822,0.1796390123460647,0.9132269492815025,0.8876043127662467
TCSA3,103,-0.16261857351373368,0.17912673003499774,35.92233009708738,0.29488020872768317,0.3685826769899003,-0.16261857351373368,0.17912673003499774,35.92233009708738,1.0712336016516677e-8,0.9999998238207715,0,-0.006155435075391495,-0.03363523228652305,0.9890576746912809,0.9894780288631483
TECN3,103,0.04352878822049544,0.4380460443169502,11.650485436893204,0.9173976920230232,0.914489843973227,0.04352878822049544,0.4380460443169502,11.650485436893204,0.7836568405013569,0.7564691524230291,23.300970873786408,0.4392890789704864,0.40435448357828935,0.9288882865071596,0.9383640976373
TELB3,103,-0.08529540473447018,0.04118703078079673,83.49514563106796,0.5168840639553461,0.550916802086667,-0.08529540473447018,0.04118703078079673,83.49514563106796,0.9994372851499832,0.9126843978929671,8.737864077669903,0.1252586309178902,0.25150354048242396,0.9935423038253611,1.0146173428982475
TELB4,103,-0.059926847956551135,0.10382735113463251,70.87378640776699,0.34036418465853163,0.11585370719394528,-0.059926847956551135,0.10382735113463251,70.87378640776699,0.025396607871091447,0.9905862378727055,0.9708737864077669,0.2815106222125555,0.48806266531772885,0.9917800934391838,1.0496785019565984
TEND3,103,-0.12422878130956964,0.30769999508449797,29.126213592233007,0.7115599891876909,0.42276284123366087,-0.12422878130956964,0.30769999508449797,29.126213592233007,9.967031376118494e-9,0.9999999983990987,0,0.09942273535117373,0.20193546115017655,0.9759812783617262,0.9759830619851647
TFCO4,103,0.060946375341695724,0.24445177506086488,42.71844660194174,0.20556148934930457,0.1908303750577822,0.060946375341695724,0.24445177506086488,42.71844660194174,0.025047647779821394,0.9850123973365422,0,-0.04155062950637636,-0.023417670315682232,0.9868735689544862,0.9871543884975431
TGMA3,103,0.02937874080764766,0.1345908049315375,53.398058252427184,0.6801497086011453,0.3108254100596981,0.02937874080764766,0.1345908049315375,53.398058252427184,7.316391433743904e-9,0.999999974241263,0,0.039640567983671125,0.018875718582512534,0.9907420311266195,0.9909025575233712
TIMS3,103,0.3239767249686862,0.2978835040958302,10.679611650485436,0.3391962725227213,0.2983947522951261,0.3239767249686862,0.2978835040958302,10.679611650485436,1.0202233371216824e-8,0.9999999292847397,0,0.18648450527882812,0.12785268870298178,0.9807990723938865,0.9811347094266756
TKNO4,103,0.36056859058221996,0.068495902615598,55.88235294117647,0.16852981606412484,0.10471841538230152,0.36056859058221996,0.068495902615598,55.88235294117647,1.804749274862669,0.9692983278273722,0,0.2012875154377179,0.28826445147547325,0.9836347417981482,0.9918395151212936
TOTS3,103,0.013160397146800673,0.37180122949737626,22.330097087378643,0.11086172617215542,0.04985890318571216,0.013160397146800673,0.37180122949737626,22.330097087378643,8.850871429240426e-9,0.9999999729984741,0,0.19582064708780128,0.1703181213859847,0.9848552633460914,0.9845143514472761
TPIS3,103,0.16756000925824874,0.09285169383188523,68.93203883495146,0.7893346650102634,0.12050910288339352,0.16756000925824874,0.09285169383188523,68.93203883495146,0.5853343991944134,0.8058885491259,19.41747572815534,0.23557779698119244,0.17473648494696833,0.9809311037780666,0.9853595003783727
TRIS3,103,-0.05193615324098964,0.49681630076756217,0.9708737864077669,0.9926505747563328,0.9552959064186862,-0.05193615324098964,0.49681630076756217,0.9708737864077669,0.1291666322790821,0.9945146899036862,0,0.13489101936377024,0.13778105365139645,0.9431903967774549,0.9336909640784944
TUPY3,103,-0.1984364710044377,0.30470129551725217,21.35922330097087,0.2316940865257291,0.40696937141773454,-0.1984364710044377,0.30470129551725217,21.35922330097087,0.5307067964478339,0.9257852022976699,0.9708737864077669,0.38397814601949837,0.38545665586590677,0.8326183452336717,0.85632720407212215
UCAS3,103,0.007127192083143748,0.423820191400506,19.41747572815534,0.9480853965461689,0.9385225491969167,0.007127192083143748,0.423820191400506,19.41747572815534,0.473081427732788,0.7134401453010871,3.8834951456310676,0.27424527217539363,0.18383208819590258,0.9111454347052043,0.916836934518881
UGPA3,103,-0.19292804923703827,0.06566461592230426,68.93203883495146,0.5073060981369668,0.4537743292053619,-0.19292804923703827,0.06566461592230426,68.93203883495146,0.10933497751071768,0.9708737064747005,2.912621359223301,0.009170046970878048,0.0035839331958902715,0.9217456279647221,0.9267312067139909
UNIP3,103,0.08179481654760938,0.1799049467522103,64.07766990291263,0.6044661986552206,0.5875550757125081,0.08179481654760938,0.1799049467522103,64.07766990291263,1.2945961368385451e-8,0.999998963695371,0,-0.30848903522409704,-0.34899340120006,0.9951837422805047,0.9955926174270749
UNIP5,103,0.0015351742025365804,0.4412534529221904,16.50485436893204,0.7415367847681976,0.8417685065588306,0.0015351742025365804,0.4412534529221904,16.50485436893204,0.25610016528147717,0.849821560959269,14.563106796116504,0.4303105091609564,0.3633425854782534,0.9644818703855367,0.9619125818752111
UNIP6,103,0.24905884742473877,0.3349894937552102,32.038834951456316,0.43651666879733747,0.33111724818652927,0.24905884742473877,0.3349894937552102,32.038834951456316,0.1459526549380852,0.9852477412437225,0,0.008059039446786143,-0.05544667941952948,0.9797611019285444,0.9664080932351112
USIM5,103,-0.20418623429524543,0.23074145047980302,46.601941747572816,0.7423853254472218,0.695759961215055,-0.20418623429524543,0.23074145047980302,46.601941747572816,9.663599416813355e-9,0.9999999969886625,0,-0.05356492282695536,-0.09279772415537171,0.9902545290301046,0.9901914207856705
VALE3,103,-0.7189632112664622,0.17601886646339143,42.71844660194174,0.6064366263400157,0.40190904946188744,-0.7189632112664622,0.17601886646339143,42.71844660194174,0.011183316823695319,0.9961681308585665,0,0.03504070660740521,0.13775498469551142,0.972887246457812,0.9732166632919951
VAMO3,103,-0.21035170596190975,0.14567068430908914,51.45631067961165,0.5116962002408301,0.4462911469600409,-0.21035170596190975,0.14567068430908914,51.45631067961165,9.41385744157051e-9,0.9999999521560533,0,-0.08467428766750983,-0.14374133700936945,0.9958927264660054,0.9964343007282838
VBBR3,103,0.18835476842890975,0.39390256109213106,10.679611650485436,0.48988047090611236,0.4850564097305328,0.18835476842890975,0.39390256109213106,10.679611650485436,0.8501785731164331,0.9186750728250532,0,0.22599648837203598,0.20492423030042936,0.8414166129972371,0.8217340950489845
VIVA3,103,-0.43507293097835603,0.1582001743673414,56.310679611650485,0.29529377190086936,-0.16240101310157024,-0.43507293097835603,0.1582001743673414,56.310679611650485,9.737469544888718e-9,0.9999997493307787,0,0.015414809985753451,0.19392215249833286,0.9890595754982077,0.9893963521570265
VIVR3,103,1.5194730592644774,0.013215469135858795,93.20388349514563,0.2779355285591451,-0.2260585419491022,1.5194730592644774,0.013215469135858795,93.20388349514563,1.7339428136204216,0.9823109036865381,0,0.21255074060368426,0.17219313056000374,0.9867878444541539,0.9637734240247626
VIVT3,103,-0.061023206506382925,0.6282665410561565,1.9417475728155338,0.09969378248891338,-0.028387406563735732,-0.061023206506382925,0.6282665410561565,1.9417475728155338,0.02738735850579669,0.991845954490369,0,0.16768028491352213,0.18174164599169546,0.985909090838819,0.9914645955780549
VLID3,103,0.18722290952242132,0.02298688187371581,91.2621359223301,0.055818287518573026,-0.3079429077068461,0.18722290952242132,0.02298688187371581,91.2621359223301,1.2795549967239336e-8,0.9999977702175543,0,0.31912651987339163,0.20896141484828679,0.9976683265359948,0.997673731763383
VULC3,103,-0.15828662742462923,0.16272367606915356,66.01941747572816,0.6212687826402316,-0.15069131562314264,-0.15828662742462923,0.16272367606915356,66.01941747572816,8.872994825422004e-9,0.9999999795901697,0,0.0942943781870033,0.09369116084300048,0.9908086665056433,0.9908140105953193
WEGE3,103,0.045504809521603885,0.4121924285583508,29.126213592233007,0.4025730338133653,0.42762972616703465,0.045504809521603885,0.4121924285583508,29.126213592233007,0.2826617241582355,0.9435278775492685,0,0.09510030002623376,0.059959094187336914,0.8984317688894343,0.9012291682774828
WHRL3,103,-3.472370625915353,0.41141568769095915,8.47457627118644,0.3278078460551167,0.1711970772364516,-3.472370625915353,0.41141568769095915,8.47457627118644,9.66261283694499e-9,0.9999999805172073,0,0.19601588816689763,0.2923751294772647,0.9952582046069337,0.9961237316841152
WHRL4,103,-2.3302876548416234,0.4047580497427166,32.95454545454545,0.8933297908389861,0.4759718599137469,-2.3302876548416234,0.4047580497427166,32.95454545454545,0.12523024459141077,0.9343499628999902,0,-0.041980737867677385,0.3506530617867448,0.9563778449239126,0.9424233914308375
WIZC3,103,0.09563044310152997,0.27716605817634615,17.475728155339805,0.7163686250243256,0.5358497530401873,0.09563044310152997,0.27716605817634615,17.475728155339805,1.065524672292881e-8,0.9999995314159078,0,-0.08267459151215648,-0.06623489418037606,0.9946492360898783,0.9946540951324337
WLMM4,103,-0.0715881270977657,0.619512427921605,16.50485436893204,0.28923989187895827,0.35670929716757616,-0.0715881270977657,0.619512427921605,16.50485436893204,1.0116720732188978e-8,0.9999999552601941,0,0.41529528247248826,0.40116630326538777,0.9948447422418226,0.9949768120521464
YDUQ3,103,-0.032413173735467586,0.5086292257006084,8.737864077669903,0.861712008644983,0.8448502146256334,-0.032413173735467586,0.5086292257006084,8.737864077669903,0.1504666842762534,0.9925720410447499,0,0.28042840859274154,0.2862456248696223,0.9216567392954087,0.9213182391263454
