ticker_b3,n_previsoes,gamma_medio,gamma_pval_medio,pct_signif_5pct_m2,delta_medio,delta_pval_medio,pct_signif_5pct_m3,persistencia_m1,persistencia_m2,persistencia_m3
AALR3,103,0.2577337065023492,0.9417475623736864,5.825242718446602,0.28665191676860075,0.9228580680896311,5.825242718446602,0.9813652834074152,1.0528580562885879,1.0494475873530755
ABCB4,103,1.0406028221794447e-8,0.9999999397188913,0,9.704577938838637e-9,0.999999221176714,0,0.9908680913486908,0.990875957775729,0.9908759385001632
ABEV3,103,1.8343039830637655e-8,0.9999999908841429,0,7.536211851957109e-9,0.9999999549397472,0,0.9424744922762757,0.9429754370354457,0.9457299716665539
AERI3,103,6.597921830406176e-9,0.999999999583144,0,6.373473220440854e-9,0.9999999981906901,0,0.9549413157638934,0.9556871979062639,0.9556867860856894
AFLT3,103,9.939617913699778e-9,0.9999999633400305,0,1.364754961408439e-8,0.9999998175203391,0,0.9755847151828689,0.9870794737278007,0.9871529125485982
AGRO3,103,0.051591857142726384,0.9715023181317851,1.9417475728155338,0.00894546795354854,0.9624291623247818,2.912621359223301,0.9932414556692593,0.9934665239898262,0.9941974176352099
AHEB3,103,1.003503678367824e-8,0.9999999860127841,0,9.884629760163892e-9,0.9999999597309142,0,0.7491142377496541,0.968730266054192,0.9683891083217333
ALOS3,103,8.032124175061663e-9,0.9999999859947516,0,7.272765320234812e-9,0.9999999592546308,0,0.9883746556480008,0.9888365527512463,0.9888367779548033
ALPA3,103,9.868320702722904e-9,0.9999999094089533,0,1.0033270298893343e-8,0.9999999819847887,0,0.9892309833806205,0.9862332320654486,0.9862331473178905
ALPA4,103,1.039216069948998e-8,0.9999999963424893,0,9.383514034479345e-9,0.9999999956278698,0,0.9857369889187992,0.9857704228884033,0.9857240208659924
ALPK3,103,4.715949769098043e-9,0.9999997416442653,0,0.032869744129416234,0.9772460816582502,0,0.9578761914772166,0.9856066482065119,0.9859562119219569
ALUP11,103,0.007149583991637987,0.9930000143360288,0,0.002845544778199796,0.954518374317373,1.9417475728155338,0.9912843285475358,0.9907095694734731,0.9912996331560848
ALUP3,103,0.004975315687006049,0.9723948995618521,1.9417475728155338,0.0059859978121242574,0.8443232924781605,2.912621359223301,0.5755031872703078,0.586597058208956,0.5700497304354667
ALUP4,103,0.0048642907873695405,0.9873099371205718,0,0.010637504626369533,0.8756466919678249,11.650485436893204,0.9904588707919624,0.9843600820208392,0.9331852248778699
AMAR3,103,0.251754242502093,0.9910090459687056,0,9.697451790468475e-9,0.999999992041124,0,0.9884923359364401,0.9900434539609793,0.9901992624336206
AMBP3,103,8.761780017770581e-9,0.99999999260363015,0,0.009949316697590605,0.996436237517846,0,0.9566173750980744,0.9898426050852592,0.9898457326623866
AMER3,103,19.083032006391708,0.7879573314755982,14.563106796116504,13.048034542825905,0.7707837703127544,21.35922330097087,0.9989999905411365,1.3037402864231877,1.2664576684631985
ANIM3,103,5.204445816626619e-9,0.9999999967893116,0,0.06199047863048138,0.9261804929858952,0,0.658740337326625,0.6663873786458493,0.6652605542930429
AXIA3,103,1.0252083867606593e-8,0.9999999685439896,0,1.0978226015849331e-8,0.9999998124189734,0,0.9604678900591944,0.9600415980597481,0.9600462631739902
AXIA6,103,8.753888056784674e-9,0.999999959603552,0,8.540814299805582e-9,0.9999999456749407,0,0.9853271510871694,0.9853398445954719,0.985340237852316
AZEV3,103,13.147590280671889,0.5856629768294737,13.592233009708737,0.5630784321358243,0.8842760612564831,10.679611650485436,0.8360707383926527,0.8728559589061712,0.8453550101852597
AZEV4,103,9.382507546324351,0.6215721594162544,0.9708737864077669,4.437082094956929,0.10959907919721883,63.10679611650486,0.8993761492001395,0.8389702623430365,0.925214419301419
AZZA3,103,6.699665580893351e-9,0.9999998497398668,0,0.15929898686277835,0.7723294234504906,4.761904761904762,0.9557632104190815,0.9593399146685887,0.9291413618968631
B3SA3,103,8.965462887410816e-9,0.9999999988830542,0,7.120456361745144e-9,0.9999999882936366,0,0.9672023996869276,0.967562382904275,0.9675629301819734
BALM4,103,1.0153378205344678e-8,0.9999999821153897,0,9.838641833480949e-9,0.999999980697001,0,0.9968891005987437,0.997152754722407,0.9971527618599325
BAZA3,103,0.09481539725268215,0.8474673303966076,6.796116504854369,0.04913819471778141,0.7091403745910688,29.126213592233007,0.9475345069031511,0.9631865171628168,0.8204353943086202
BBAS3,103,9.296840410549374e-9,0.9999999975987851,0,1.0434062470267594e-8,0.9999999665794879,0,0.9757262314377603,0.9757269361657994,0.975726940566157
BBDC3,103,8.780649191363085e-9,0.9999998485163631,0,7.320323091261076e-9,0.999999155483046,0,0.9801911251749547,0.9795950442904212,0.9791266927782302
BBDC4,103,9.395202714900525e-9,0.9999998889736244,0,8.626100323499873e-9,0.999998842707299,0,0.9891258546384981,0.9843300946224222,0.9843358796794179
BBSE3,103,8.220016962464017e-9,0.9999999903059076,0,6.344926702014986e-9,0.9999999505853159,0,0.9830011929991157,0.9828452604207961,0.9828452041977788
BDLL4,103,9.943047697730075e-9,0.9999999975109358,0,9.942791345026547e-9,0.9999999944302184,0,0.9909425449242841,0.9923308736906626,0.992330944720531
BEEF3,103,9.622575895376714e-9,0.9999999271937774,0,8.646879450880906e-9,0.9999997650012541,0,0.9971670536898148,0.9977263106933498,0.9977267639658297
BEES3,103,0.5258533104140946,0.1564688854208147,35.92233009708738,0.03592740851245138,0.23629619611477853,3.8834951456310676,0.6931608810429578,0.6948222842682239,0.6700809007317591
BEES4,103,0.3309183729630037,0.3238603324164332,0,0.061643932439117734,0.10572561705094857,35.92233009708738,0.8068184346154137,0.8258774759987977,0.847024374587518
BGIP3,103,1.0038692034899348e-8,0.9999999946343002,0,1.275199139606428e-8,0.9999998998434154,0,0.9299392430580976,0.9935978483874435,0.9935291734983746
BGIP4,103,0.11128941560184599,0.9858503707623728,0,0.022534187182988476,0.971518923461988,1.9417475728155338,0.97552556307817,0.9810031199200738,0.9862800310667235
BHIA3,103,9.958731615857948e-9,0.9999999976963792,0,9.957857386098315e-9,0.9999999932108211,0,0.9864658245621675,0.9973847739916765,0.9973984630628991
BIOM3,103,1.0023364511581765e-8,0.9999999976109476,0,9.99188475845119e-9,0.9999999938061414,0,0.9946577495249508,0.9999058964844023,0.9991650551689263
BMEB3,103,1.730599226864311,0.9599580016837597,0,8.904215816265531e-9,0.9999999955508818,0,0.9819285166882561,0.9657349318768752,0.9755426253597861
BMEB4,103,0.2837082326779703,0.8349514790752285,16.50485436893204,0.2578138045902993,0.747638234912442,25.24271844660194,0.9924621435984897,1.0304085826190348,1.0184040159578376
BMGB4,103,1.5936626356716956,0.8554829538333242,14.563106796116504,9.365813310626613e-9,0.9999999708379715,0,0.978388700735528,0.9794943553887773,0.9799552145080583
BMIN4,103,0.1485873965608848,0.9827460856571337,0,0.07168933026363572,0.8982741451927749,4.854368932038835,0.9296115542594947,0.9502963878822027,0.9592678781060557
BMKS3,103,1.4959062074822067,0.6833501785543653,0,0.007259492466764963,0.96254623173782206,0.9708737864077669,0.9083134075494081,0.8905909246984409,0.9062249912097031
BNBR3,103,8.670206788166203e-9,0.9999999823060051,0,0.0040219184440139595,0.9799781186162694,1.9417475728155338,0.9556120308333415,0.9536348373208979,0.9583665956154032
BOBR4,103,0.007072956048888383,0.9904463464050997,0.9708737864077669,9.353216514128858e-9,0.9999999839122736,0,0.9957293106734064,0.9958811246976057,0.9956235882815032
BPAC11,103,2.872506887855836e-9,0.99999999627858,0,6.389413479013325e-4,0.9971694015439295,0,0.9041454922621944,0.9038743774337741,0.9039451605939682
BPAC3,103,9.075025377652639e-9,0.9999994362775367,0,8.320442402427695e-9,0.9999996775673201,0,0.9940786645215244,0.9945314623027088,0.9945278266942615
BPAC5,103,3.1623921807190576,0.7633791315663112,0,0.3794845627938318,0.45772423164858156,15.517241379310345,0.8876550859500376,0.8183516346822998,0.9081930394028995
BRAP3,103,1.1118691207293638e-8,0.9999986554642569,0,0.002141446636276056,0.990288446692051,0.9708737864077669,0.9946554117592823,0.9940330161253053,0.9912464866916212
BRAP4,103,8.902399423215036e-9,0.9999999460694173,0,7.009680389960557e-9,0.9999993390019434,0,0.9930649109643359,0.9930887549818134,0.99308849535761
BRAV3,103,2.072283313692284,0.9142660649511875,0,0.5889209944386149,0.7183160155358955,27.184466019417474,0.8254108698261321,0.7899110903589266,0.7649272615083933
BRKM3,103,9.32354365767592e-9,0.9999997893396196,0,9.488765491740049e-9,0.9999999374316247,0,0.9935210118420758,0.9934433700862055,0.9934539630840359
BRKM5,103,1.0032108158364959e-8,0.9999999974777938,0,1.002280354148296e-8,0.9999999722529277,0,0.9755127237655022,0.9778901720547569,0.9758602820122219
BRKM6,103,7.78394895602507e-9,0.9999999564437402,0,7.356951424090058e-9,0.9999999404932401,0,0.9780477323629717,0.8880164442108851,0.8880163050364496
BRSR3,103,8.69190191424693e-9,0.9999988720981952,0,0.0019501667143076978,0.9807274098244594,1.9417475728155338,0.9731109577227887,0.9822945446972862,0.981932675756433
BRSR5,103,1.9651936266878396,0.9057937679286054,0,0.0023291247596860473,0.988889119829782,1.1111111111111112,0.6190465082322768,0.5776645765615643,0.5899235642060069
BRSR6,103,9.000052178232694e-9,0.9999998852234668,0,0.015058094286206252,0.9386578425419644,0.9708737864077669,0.9579169649776451,0.951492771253593,0.9506727804129615
CAMB3,103,1.0194183899762347e-8,0.9999999814930874,0,8.546721022965736e-9,0.9999999574134094,0,0.9842503089591595,0.9843868938522303,0.9843869273611433
CAML3,103,1.3685136735802343,0.9230573719594477,7.766990291262135,0.09072588371675057,0.8863649339483216,10.679611650485436,0.9587241005671586,0.9067532393820866,0.9610037801884493
CASH3,103,1.0040777523160628e-8,0.999999998677432,0,1.0244331481718723e-8,0.9999999870380653,0,0.9944002751758542,0.9954136160150319,0.9954407727673407
CBEE3,103,1.0019986970962909e-8,0.9999999962612154,0,1.0060459851821353e-8,0.9999999934164902,0,0.9566794145794085,0.9945260715765354,0.9945256625875131
CEAB3,103,0.10756108335588184,0.9915177910137771,0,8.70887110849503e-9,0.9999999611579508,0,0.9851417486877097,0.9855433393293745,0.9851880327639463
CEBR3,103,9.870063493726912e-9,0.9999980801631644,0,9.882081267097093e-9,0.9999988095978454,0,0.9929480359606249,0.992882478310851,0.992878334999258
CEBR5,103,6.880524625791141e-9,0.9999996508414877,0,8.371835490015084e-9,0.9999988599567429,0,0.9403971246165526,0.9408207836384441,0.9408194602585421
CEBR6,103,0.05080252371491622,0.9614854098466594,3.8834951456310676,0.014213310709037733,0.9631116873590325,1.9417475728155338,0.9919521935536066,0.9902828902731902,0.9892503902206015
CEDO3,103,9.998127448641701e-9,0.9999999989503464,0,1.0014876668633484e-8,0.9999999898992807,0,0.9904847065778446,1.0004617735012977,1.0004617672159195
CEDO4,103,1.9941250073093992,0.9039942830496795,0,0.6458770913466649,0.7579731475267162,0,0.9938077864830036,1.0887154928330283,1.0904077085894464
CEEB3,103,0.08658685060940492,0.9294705845354968,0,1.23026408711312e-8,0.9999999084065793,0,0.9633553364484276,0.9626639157568613,0.9637370726004858
CGAS3,103,0.20540904327757678,0.9784898341927287,0,0.05347817203408537,0.9119640360052279,1.9417475728155338,0.9069850958385668,0.7116855185574962,0.7368208087306521
CGAS5,103,5.186903532814763e-9,0.9999999835328608,0,0.014301667935073778,0.8761941024165998,8.737864077669903,0.9989999980666019,1.3321705486561708,1.3269421860238764
CGRA3,103,5.142405706420845e-9,0.9999999900627227,0,0.07054591856472636,0.6699027976715395,33.00970873786408,0.9382086182778965,0.936384273827777,0.9603839927161772
CGRA4,103,0.03385280464414812,0.9284835609006366,2.912621359223301,0.01154003986829688,0.9361480339935461,0,0.9860284525117251,0.9882777295842364,0.9866621901164077
CLSC4,103,0.008402698565897699,0.9879195461320829,0,1.9267202832531273e-4,0.9937050927519698,0,0.8558892635826565,0.842054401227903,0.8416283633478174
CMIG3,103,9.510820402322615e-9,0.9999995632353538,0,9.347944804688029e-9,0.9999973566544895,0,0.9952342148298992,0.9953838856230961,0.9953834986427843
CMIG4,103,9.851862806432718e-9,0.9999997611659263,0,9.094136528366735e-9,0.9999958369450085,0,0.9976635807187832,0.9979704031036003,0.9979546909745904
COCE5,103,0.14592096280478878,0.9568641401859685,0.9708737864077669,0.0046511473956761815,0.9662383427190193,0,0.9675418184577802,0.9888250781033483,0.9609334633816555
COGN3,103,9.836983838953557e-9,0.9999999922761691,0,9.97634776516871e-9,0.9999998871660926,0,0.987850720502642,0.9874290511674837,0.9874483886562158
CPFE3,103,9.4920630902068e-9,0.9999999784323081,0,0.007566898616017493,0.9273478047919927,0.9708737864077669,0.9839698184407177,0.9841593532697529,0.9797174153320346
CPLE3,103,3.5102450959034015,0.33357504213990996,39.80582524271845,5.1203380738175605e-9,0.9999999144081021,0,0.6951934625434358,0.808417830861561,0.6952116105671641
CRPG5,103,0.014329012518814046,0.9825382234759102,0.9708737864077669,0.014506055272133691,0.9715906175286783,1.9417475728155338,0.987474118965176,1.0791948725255316,1.079458797382104
CRPG6,103,2.2247046774371694e-8,0.9999999938383262,0,0.3174757155901573,0.8832219898614841,3.8834951456310676,0.9952069949603317,1.067645935816211,1.0722759149307337
CSAN3,103,0.01965210718226061,0.9950768329997196,0,0.024886211775033255,0.9479827971456473,1.9417475728155338,0.983757064892697,0.9836594196743136,0.9859310860009266
CSMG3,103,9.492858338680632e-9,0.9999998682269106,0,7.881688849333282e-9,0.9999994618854449,0,0.9791557451837805,0.9848514275764716,0.9848508561848428
CSNA3,103,3.167399301187067e-9,0.9999999992573391,0,2.8617273291410003e-9,0.9999999905593084,0,0.7825632154209801,0.7945163043975203,0.79423077592606
CSUD3,103,1.4017691767201787e-8,0.9999982399093982,0,0.001561047423273144,0.9907396940449452,0.9708737864077669,0.9944149680769487,0.9959936053959292,0.9960002858467568
CTKA4,103,17.63316678355235,0.7598898032561108,0,3.406983854224674,0.1581457762976533,83.49514563106796,0.8165756601399273,0.7843519913413796,0.7704972344714031
CTSA3,103,9.965655173289321e-9,0.9999999898430203,0,1.0000025562291074e-8,0.9999999934514817,0,0.9923888628955885,0.9769345395201616,0.9773798560653731
CTSA4,103,2.1605134744594783e-9,0.9999999956891736,0,2.3784145955683327,0.4543744555050106,46.601941747572816,0.9636101492507256,0.9157423156540969,0.9096464438499843
CURY3,103,7.790526753468773e-9,0.9999997309834555,0,0.01352494356300732,0.9645988084076469,0,0.978911550815224,0.9765920562321295,0.9716427111490427
CVCB3,103,28.54954628444246,0.6241115794252683,36.89320388349515,1.239185560561634,0.4474873228121246,55.33980582524271,0.6799145830834795,0.6030349922820846,0.8421207123071784
CYRE3,103,9.709527756266685e-9,0.9999999794438313,0,7.80097339791119e-9,0.9999999559357619,0,0.9937605764862566,0.9938124177590362,0.9938124866604889
DASA3,103,1.0510393532623803,0.9161384164094968,0,2.8914141139293976,0.4294568740540831,51.45631067961165,0.8868073693122479,0.8847035537772118,0.9007459280383209
DEXP3,103,7.2937132087912576e-9,0.9999997217602529,0,0.08164725199739077,0.8141157055085539,11.650485436893204,0.9453078418766226,0.9453093583563612,0.9487279033824786
DEXP4,103,1.0022291446792294e-8,0.9999999963678463,0,9.91878516936141e-9,0.9999999830920726,0,0.9765578073240078,0.976559695309427,0.9765597158027747
DIRR3,103,9.879669817465113e-9,0.999999878859061,0,9.609897863710018e-9,0.9999993058585069,0,0.9960281055940329,0.9961602626624628,0.9961602887991596
DMVF3,103,0.05524478767015657,0.9657192744459581,0,0.0231828793553189,0.9578437711029022,0.9708737864077669,0.9765552412518761,0.9827732786195547,0.9829481408005999
DOHL4,103,0.15301774465696708,0.8239926581674175,0,8.641227429347006e-9,0.9999999999266631,0,0.4919251507121712,0.4932370779635508,0.49192482748365346
EALT3,103,9.733039447391883e-9,0.9999997023665197,0,1.049852191337372e-8,0.9999981614840253,0,0.9916069791941766,0.9917040625558251,0.9917043594437626
EALT4,103,0.17813022808924805,0.8633237931577098,0,0.11600661553289016,0.7379509243737493,26.21359223300971,0.9341387700472207,0.8925946156547552,0.9402819883109831
ECOR3,103,9.400816543511605e-9,0.9999999928749217,0,8.461439390618377e-9,0.9999999453076395,0,0.9763515310084124,0.9799003483661162,0.9799814309117489
EGIE3,103,9.539856870057697e-9,0.9999997805687342,0,1.477650474440359e-8,0.9999965627279563,0,0.9938110304833704,0.9943334332492536,0.9943346822143356
EKTR4,103,1.0161489674214813e-8,0.9999999504464996,0,1.1915565892684644e-8,0.9999998172170516,0,0.9925837953203802,0.9931436348372739,0.9930174551228911
EMAE4,103,1.124085689475879,0.7968063634804832,14.563106796116504,0.21677839152478554,0.7122180635817674,7.766990291262135,0.9810751588945154,1.008123448277072,1.0275939927655258
ENEV3,103,8.664162980960977e-9,0.9999999837964461,0,7.4039469531833534e-9,0.9999999694130286,0,0.9794293543541598,0.9795399520798325,0.9795490153630441
ENGI11,103,9.39888883342697e-9,0.9999985465046322,0,6.2035417722649716e-9,0.9999988510706729,0,0.9959118137496278,0.995951234500621,0.9959511778744563
ENGI3,103,1.0435380878558505e-8,0.9999991692847948,0,7.588158846542579e-9,0.9999993069818459,0,0.9973739705838593,0.9980757670214626,0.9980754811193051
ENGI4,103,0.037847846937906236,0.9134984793523601,6.796116504854369,0.028781877535477424,0.8906468201576625,6.796116504854369,0.9844528451594321,0.9879005809475891,0.9855483695068634
ENJU3,103,1.0148103802247085e-8,0.9999996762881413,0,9.56042142322002e-9,0.9999998320716322,0,0.9951431401836884,0.994886984738738,0.9953054043025498
ENMT3,103,4.861161447112869e-9,0.9999999975159435,0,20.839286845082388,0.6699064749678225,33.00970873786408,0.9550434398235617,0.9350770109596772,1.0237960920278608
EPAR3,103,2.2413535187433005,0.6096043920614895,29.126213592233007,0.35941181958079294,0.5825242525311476,41.74757281553398,0.8786817527236517,0.7599976769137337,0.8673000556305767
EQMA3B,103,2.3571042470140653,0.8110942801301945,0,6.009156292475783e-9,0.9999997477870136,0,0.9622991428619966,1.0274904206289206,1.0239946422631143
EQPA3,103,6.4661953687322445e-9,0.9999997386199811,0,1.0621463554803414e-8,0.9999994610213491,0,0.9900812868262405,0.9902153098534145,0.9902180411538789
EQTL3,103,9.858605364259073e-9,0.9999998534398097,0,1.0747280543186159e-8,0.9999960103923332,0,0.9939308311367366,0.9940673429291892,0.9940790521474379
ESPA3,103,9.61379996598696e-9,0.9999999985382355,0,1.0935737756096675e-8,0.9999999978782205,0,0.9741351326326995,0.9741377926080906,0.9741372352455124
ESTR4,103,4.707079274893705,0.7946487387140415,0,7.67920943210544e-9,0.9999999904775354,0,0.9963848195571198,1.0665529015263038,1.0214831155251916
ETER3,103,3.9932693743939206e-8,0.9999998494320986,0,0.027246279389478083,0.966817097569959,0.9708737864077669,0.9851871990908304,0.9856525139388146,0.9854740118963441
EUCA3,103,0.1368078102496187,0.9669768380266133,0,0.3193737542514335,0.1747746811199758,82.52427184466019,0.8115840922217102,0.811123460159638,0.7562633098069125
EUCA4,103,7.842484137330089e-9,0.9999996809358905,0,7.324729737317917e-9,0.9999997120722672,0,0.9825298854977517,0.9812737365089469,0.9803148177945585
EVEN3,103,0.24625147907298264,0.96063726510488745,2.912621359223301,0.004305751601297904,0.9850413799619081,0,0.9746244679662845,0.9693582314318568,0.9746042305636644
EZTC3,103,9.935662621945944e-9,0.9999999868730254,0,8.93824506737306e-9,0.9999998061189975,0,0.9973556135176274,0.9974483981073297,0.9974580944790681
FESA3,103,8.064559980345565e-9,0.999999698487768,0,7.62678445788553e-9,0.9999988261784725,0,0.9707681648951341,0.9721793545641408,0.9720975967029175
FESA4,103,8.026276664773765e-9,0.999999991564352,0,0.011288192664874479,0.9266461848725909,0,0.960573196810895,0.9605669280173844,0.9624412364865368
FHER3,103,1.2945799100083741,0.9417475391571675,5.825242718446602,0.6492260417700959,0.9417483438971143,5.825242718446602,0.9773321066751458,0.9905952053856798,0.9949772653085556
FLRY3,103,9.081768079466893e-9,0.9999999949499359,0,5.6219745637578085e-9,0.9999999789892742,0,0.9856096421213013,0.9857948262127011,0.9857949149998276
FRAS3,103,0.0015185905597841468,0.9967541404186374,0,0.0011682886449480485,0.9891380910380578,0,0.9853619065733404,0.985301982502726,0.9853088369261352
GEPA3,103,0.10428617989552322,0.975859033098504,0,0.002509905569191519,0.987988373495622,0,0.9466372221390439,0.942425379792027,0.9415390734892997
GEPA4,103,0.14498718149756973,0.8954767827966675,0,4.570400814858236e-9,0.9999988551213322,0,0.956823985790613,0.9651214362299673,0.9614289495368759
GFSA3,103,39.105342549464154,0.5145775494487459,48.54368932038835,14.248781369831166,0.43689318510119013,56.310679611650485,0.8497344965901157,0.8957047876231075,0.8786690207446889
GGBR3,103,9.111131024262983e-9,0.9999993612167152,0,5.633722190556012e-9,0.9999995682459198,0,0.996559653414191,0.9966228855160618,0.9966228831737776
GGBR4,103,9.606021758683978e-9,0.9999998916018793,0,6.308241021433371e-9,0.9999996165333774,0,0.992625204127945,0.9927156592115204,0.9926639090830169
GMAT3,103,0.017101585924396014,0.9932284135760133,0,8.931538945360367e-9,0.9999999835547011,0,0.9848227833723991,0.9848914937887562,0.9848230321804057
GOAU3,103,9.494346089548669e-9,0.9999988795253831,0,1.1884407582011427e-8,0.9999943872350281,0,0.9963176432003069,0.9964117449139743,0.9964124238565475
GOAU4,103,9.679905064772379e-9,0.999999693313418,0,7.864125339360905e-9,0.9999984471315049,0,0.9940845876670127,0.9942026984744565,0.9942012383364373
GRND3,103,9.999429274804575e-9,0.9999999931277049,0,0.003013028637525251,0.98735224135502,0,0.9864440836266357,0.9865035459800044,0.9863366131804773
GSHP3,103,9.071753545632162e-9,0.9999999999659559,0,0.03718644481295109,0.1226101187814086,81.81818181818183,0.6915932836172131,0.6225302941591255,0.6285674500931782
HAGA3,103,0.6809100712237351,0.9509569236249885,0,0.006961877038306377,0.9902909728406157,0.9708737864077669,0.9411816014697698,0.936356509199603,0.9386403339004179
HAGA4,103,9.5380679044519945e-09,0.999999267899005,0,9.630864929126049e-9,0.9999998734531106,0,0.9954109914691801,0.9846382898023761,0.9905370689911845
HAPV3,103,9.751333926132053e-9,0.9999999971990714,0,8.260577378755707e-9,0.9999999931016175,0,0.9730092114872104,0.9732385849913785,0.9732381836971901
HBOR3,103,9.72436539844901e-9,0.9999999969799256,0,9.319726397984735e-9,0.9999999896870174,0,0.9812593331398313,0.9830491946970374,0.9827259457611548
HBRE3,103,1.0698601576997397e-8,0.9999992605355935,0,1.1951702075439973e-8,0.9999948439402213,0,0.9965131575420061,0.99753469472491,0.9972744717068387
HBSA3,103,9.59768680550593e-9,0.9999991721535548,0,0.01978586023278156,0.980639223295824,1.9417475728155338,0.9962001420085802,0.9959660426470167,0.9958157766619248
HBTS5,103,1.0083098695746305e-8,0.9999999923546298,0,9.711721720376804e-9,0.9999999907151357,0,0.9838371704550829,0.9837173394268744,0.9836766760933957
HETA4,103,2.8629012648395276e-9,0.999999999791259,0,1.7205755722439073,0.4563106479992591,54.36893203883495,0.9227865699751197,0.9227516023058999,0.9220123962602149
HOOT4,103,2.5800563997057067,0.9064504571539139,5.825242718446602,0.2464638628768945,0.9230140430308408,1.9417475728155338,0.9539951121600957,0.8325685318492898,0.8706362356406813
HYPE3,103,1.032711502081266e-8,0.9999999890480574,0,2.8780136584067066e-8,0.9999994551052931,0,0.993759085393757,0.9945488656470913,0.994364673520459
INEP3,103,8.78356333701408e-9,0.999999994214225,0,0.1096051452003277,0.9355723959844676,3.8834951456310676,0.9611065013892915,0.9532946024112707,0.9418075878334665
INEP4,103,1.3195493933180597e-8,0.999999973566522,0,0.014586128029681834,0.9904291482296792,0.9708737864077669,0.97378102930981425,0.9736000264062046,0.9744942009371131
IRBR3,103,1.023476321532107e-8,0.999999989565156,0,1.2281201333836401e-8,0.9999998606252993,0,0.9897271548186025,0.9906058563080615,0.990596787834316
ISAE3,103,0.07027744021219089,0.773609750543381,0,2.461186036887702e-9,0.9999999940471911,0,0.8657854517233793,0.8716143473287418,0.8530646198426937
ISAE4,103,9.449322537647972e-9,0.9999965993026874,0,4.397059670702188e-9,0.9999989161327197,0,0.8726679039235047,0.9069370770975692,0.9070834661894066
ITSA3,103,9.141704838123223e-9,0.9999998985524952,0,4.105609996966197e-9,0.9999989861145666,0,0.9827941001704225,0.9857937542328131,0.9830926053679035
ITSA4,103,3.1001868913008745e-9,0.9999999966135553,0,1.2866477949025801e-9,0.9999999829032908,0,0.9055514182682924,0.9059051828228171,0.905246242922211
ITUB3,103,8.4278277352208e-9,0.9999999213339759,0,6.538402082112573e-9,0.9999996581620458,0,0.9755443416064582,0.9756445457683999,0.9756439179672575
ITUB4,103,7.388436594664744e-9,0.9999999553921329,0,2.4907371908604293e-9,0.9999999365071106,0,0.9663409783577974,0.9664517204115252,0.9664520489377338
JFEN3,103,0.43090588688378045,0.9537239016793465,0,1.175888690318368,0.5960568541149839,21.35922330097087,0.7331607730259013,0.7241541505375254,0.7464229258806938
JHSF3,103,9.690409601923987e-9,0.9999998963025623,0,8.147538649427559e-9,0.9999982561276314,0,0.9975083584235274,0.9975430743448296,0.9975430515163365
JSLG3,103,0.04934001934159251,0.9420513747706544,5.825242718446602,0.011706726649104594,0.9786528983590523,0,0.9924054915542515,0.9950589078614289,0.9925114920796678
KEPL3,103,9.781764948272526e-9,0.9999999877568353,0,9.067496510682548e-9,0.9999999322274458,0,0.9928991034333584,0.992732811802441,0.9927328497453025
KLBN11,103,1.0139493882464685e-8,0.999999814733914,0,5.546060026865046e-9,0.9999978161294698,0,0.9981712956527736,0.9982451674108779,0.9982451668563523
KLBN3,103,9.477611832777218e-9,0.9999999560498329,0,3.130759688039041e-9,0.9999995907419366,0,0.9949693141449382,0.9951790325830053,0.9951790088978765
KLBN4,103,1.2503574400515582e-8,0.9999997789388483,0,7.780529388996662e-9,0.9999962553904453,0,0.9969824401423524,0.9969201101223787,0.9969186753896716
LAVV3,103,0.4119461009863954,0.8686005545311419,0,0.08370110403868859,0.683180840009728,0.9708737864077669,0.7366822472537664,0.67758871374059,0.6935832779304312
LEVE3,103,0.0036485977039198325,0.9994768022011731,0,0.0027959383181957176,0.9950141833103773,0,0.9856444612011211,0.9856119677706183,0.9855095907243508
LIGT3,103,1.9159829435620737,0.8935565224816849,10.679611650485436,0.3118601270024479,0.9235982401281936,6.796116504854369,0.9284765096495605,0.910245889568431,0.9063889500185437
LJQQ3,103,0.3826593415376453,0.9812469715771063,0,0.08208874410035638,0.9561546401583919,0.9708737864077669,0.9568379629487147,0.9433465581237617,0.9450488683739312
LOGG3,103,0.008578817674232613,0.9909040964102511,0,1.0994455462126295e-8,0.9999999564986723,0,0.9201596453453967,0.9277821022317891,0.927702247921113
LOGN3,103,7.917858652031644e-9,0.9999998257288366,0,0.003860773667127922,0.9902911900129554,0.9708737864077669,0.9806619227984212,0.9776160422450039,0.9782659842858253
LPSB3,103,0.5877177158313336,0.8874848503601441,0.9708737864077669,7.397068520021394e-9,0.9999998536372842,0,0.8416055105547526,0.8726547908966685,0.8535232781262634
LREN3,103,9.990582506097672e-9,0.9999999165252603,0,1.0245828013402143e-8,0.9999980448789555,0,0.9951810512827843,0.9948869094232544,0.9948873612513226
LUPA3,103,2.4422346980168083e-7,0.999999820254538,0,1.5510710764819342,0.5956727772801149,12.62135922330097,0.875071562413828,0.88168296211735675,0.8616059355042047
LUXM4,103,9.980997762219241e-9,0.9999999929316048,0,1.008268418407533e-8,0.9999998488140384,0,0.9557832475054887,0.9564828033037983,0.95648280330416
LWSA3,103,7.454889402307558e-9,0.9999999995398743,0,1.8918432942734958e-8,0.999999987773092,0,0.9384710345584472,0.9361898815537428,0.9361839255220903
MBRF3,103,2.7007801154241027,0.61310484303524,12.5,0.03910097349573856,0.9815529495263463,0,0.9506637464646422,0.9497414490943903,0.950571158207608
MDIA3,103,9.069483653026372e-9,0.9999999101921643,0,0.038517360775036806,0.9654880927370917,1.9417475728155338,0.9835762668080474,0.9812759486611762,0.9800682083445593
MDNE3,103,1.0674220937855449e-8,0.9999999266576857,0,0.04849622611699016,0.9244695859549479,5.825242718446602,0.9009626411968769,0.9087146071209627,0.9072536221563244
MEAL3,103,1.0013114237130765e-8,0.9999998390973832,0,9.921536534182915e-9,0.9999998729541647,0,0.9943057071237645,0.9947284185520593,0.9943044658738631
MELK3,103,9.176449592783782e-9,0.9999976332444286,0,8.677207716217125e-9,0.9999950675220451,0,0.9984093424737404,0.9984758589709581,0.9984758652318052
MGEL4,103,9.978738969918428e-9,0.9999999371244823,0,9.746535009447103e-9,0.9999998753324767,0,0.9956885075950819,0.9960673414293737,0.99605318396015885
MGLU3,103,5.859903818270925e-9,0.9999999996239322,0,0.14287808948694775,0.8783843294635366,0,0.9440251850360308,0.944031853101115,0.9476614499635412
MILS3,103,0.0010298864422409416,0.9990701675325235,0,7.953026796693478e-9,0.999999980899824,0,0.976576317812715,0.9766136055117793,0.9765759675933705
MNDL3,103,1.028478170719622e-8,0.9999999909427582,0,9.734411425902422e-9,0.9999999910203881,0,0.9747442434164076,0.9582733121979731,0.9591185532988122
MNPR3,103,1.6289438381543688,0.9270361912588813,0.9708737864077669,0.005588523759232866,0.9935609162218416,0,0.9668289453343607,0.9646415903529155,0.9767818260040825
MOVI3,103,0.6623103865255668,0.9865904720789921,0,0.10382242693751698,0.8721312751400692,0,0.8391947967297982,0.8378992742599746,0.8444725349688363
MRSA3B,103,1.1630418622102173e-7,0.9999995901251761,0,5.944995403938726e-9,0.9999998307688945,0,0.9879318057576968,1.0552312683059273,1.054190408576863
MRVE3,103,9.03736755997541e-9,0.9999999507901788,0,8.269747062939558e-9,0.9999996241909375,0,0.9839528995546781,0.9816430233937415,0.9838255251200232
MTRE3,103,9.456680843493414e-9,0.999999987454958,0,1.1927253058062447e-8,0.9999997232458802,0,0.9906635654131545,0.990965950916275,0.9909687926989609
MTSA4,103,0.006854805848710549,0.998617233458018,0,0.03319285168051291,0.927167864661581,0.9708737864077669,0.6191617274964039,0.6193537784812675,0.6179905565766355
MULT3,103,0.17752656846735365,0.8775435540141441,0.9708737864077669,0.06219812329709842,0.703075083059693,10.679611650485436,0.9376986364715078,0.9368415497335033,0.902239007940594
MWET4,103,8.774054376516862e-9,0.999999997176973,0,8.02560560721638e-9,0.9999999944243935,0,0.9799482525513596,0.9791831394946298,0.9793434012753105
MYPK3,103,9.638814242431263e-9,0.9999999338668312,0,0.014834996472303909,0.9805824287955152,1.9417475728155338,0.9898218895943129,0.9909246155273771,0.983825395372293
NEOE3,103,1.0115051389256803e-8,0.9999996286835382,0,9.175385720338733e-9,0.9999978262394225,0,0.9952941827011292,0.9967426803360367,0.9976207186685992
NEXP3,103,0.15637951116598878,0.9201041838734614,0,0.33510090812273297,0.5306326660259892,23.300970873786408,0.9983084816306773,1.1059761184336285,1.1046740996883961
NGRD3,103,1.0102023756057416e-8,0.9999999602515638,0,9.923507006289086e-9,0.9999999831987308,0,0.9718396249376824,0.968166867620458,0.9681670978524864
NUTR3,103,9.79972575935242e-9,0.9997964275028077,0,9.612134798812768e-9,0.9998640021222308,0,0.976622111626641,0.9767513048227633,0.9768136212539343
ODPV3,103,0.06627367662658615,0.9754682887913836,0,0.06965658716520247,0.8530134939969856,0,0.9304080398661837,0.914465181807385,0.9250161378182349
OFSA3,103,9.532324724768739e-9,0.9999998787442164,0,0.0020623950450604288,0.9902911693688384,0.9708737864077669,0.9947500371047232,0.9941515502341104,0.9952365651615983
OIBR3,103,1.7932817499866887,0.978089403941046,0,7.1278840897395024e-9,0.9999999976306304,0,0.94559764312425,0.9352109772057088,0.9464613191097951
OIBR4,103,2.4868786366738046e-5,0.9999979061463781,0,0.031318683143924705,0.9926641344360638,0,0.8783180721256963,0.8828023786677389,0.8833433570683569
OSXB3,103,1.7990482799991692,0.7743122064570253,5.825242718446602,0.1381925843447449,0.8928658903492778,2.912621359223301,0.9843135829513722,0.982719367480041,0.9872491713939198
PATI3,103,14.1184935909324,0.5885341689785296,7.766990291262135,0.5101994111940946,0.5760717564946122,15.53398058252427,0.9176281448530992,0.8820132667335372,0.9283000313380463
PATI4,103,1.9417474769137095,0.020551267016464703,100,9.708935127191776e-9,0.9999999999080404,0,0.7835715150299458,0.7874114072781723,0.789404119550173
PCAR3,103,9.5017092149918e-9,0.9999999982006856,0,1.0137744069156125e-8,0.9999999945855292,0,0.9916808756457085,0.7140083527366061,0.703033245925877
PDGR3,103,9.809315946278254e-9,0.9999999995273108,0,9.828239921526718e-9,0.9999999984599851,0,0.9495953167443018,0.9984557670418696,0.9974047006779674
PDTC3,103,1.0200029185798306e-8,0.9999996379938895,0,1.0989093171957715e-8,0.99999926997874,0,0.9973368576859266,0.9974849687644154,0.9974773677723773
PEAB3,103,9.64701833493955e-9,0.9999999939977965,0,6.196599329093287e-4,0.9963606558188353,0,0.921295909479884,0.918105464907818,0.9181001846694755
PEAB4,103,9.964481528027227e-9,0.9999999142736453,0,9.949228676746357e-9,0.9999999304022305,0,0.9951289134969005,0.9953266962369816,0.9864124104026865
PETR3,103,5.101361393120142e-9,0.9999999989943245,0,3.3736471479250465e-9,0.9999999939449901,0,0.933681096902644,0.9337962528581215,0.9337784245744422
PETR4,103,4.942671207062553e-9,0.9999999523656902,0,2.944489904253583e-9,0.9999998222057742,0,0.9315746873782266,0.9316209095541659,0.9316210622875986
PFRM3,103,0.14066793396011645,0.9113177902870828,3.8834951456310676,0.13886409233791677,0.6021317332584907,6.796116504854369,0.7030542303439479,0.725587782586361,0.7213860440619183
PGMN3,103,9.687867453098758e-9,0.9999999619430421,0,9.124928442129942e-9,0.9999986742597228,0,0.9955817846622316,0.9945393570191239,0.9945363934911104
PINE3,103,5.255161228719926e-9,0.9999597759174534,0,1.2080929599972481e-8,0.9993601131668095,0,0.9968202783899168,1.2693505746360316,1.2693700495901117
PINE4,103,0.06326068582470472,0.9854182515608272,0,0.35299693656850506,0.4237694598801251,33.980582524271846,0.8991566727245939,0.8973122362467367,0.8260201153971298
PLAS3,103,2.0229504856518195e-7,0.9999993000479517,0,0.1185213725674182,0.9470769688938265,3.076923076923077,0.898998328630792,0.8738832416781916,0.8812563686781008
PLPL3,103,9.85167179317113e-9,0.9999998381298874,0,8.866461368911629e-9,0.9999995558354805,0,0.9958085584939749,0.9958794066213073,0.9958790850803398
PMAM3,103,1.310211437899551e-8,0.9999999890068965,0,1.1334500456193362e-8,0.9999999890171678,0,0.9477156814243826,0.9507986276846071,0.9507984740286366
PNVL3,103,7.610441641985428e-9,0.9999998619585252,0,7.479917291241706e-9,0.9999998364633303,0,0.9675297659396501,0.9672160360631282,0.9672161500789317
POMO3,103,7.847342927957868e-9,0.9999998267726079,0,5.883508297327824e-9,0.9999996529357306,0,0.7346734157022702,0.6980675584488001,0.6980679929297797
POMO4,103,9.892515450679716e-9,0.9999999762436355,0,0.004945257790164713,0.992512180274598,0,0.984078760878916,0.984031393613529,0.9844518310580005
POSI3,103,9.155270452096853e-9,0.9999999934461142,0,0.0064034937648069406,0.9922651801710214,0,0.9757157271625543,0.9757682524459659,0.9758218248587878
PPLA11,103,8.621852840981625e-9,0.999999999970235,0,8.627579707063978e-9,0.9999999995303867,0,0.9650331158155838,0.9682756631241746,0.9682753398992237
PRIO3,103,9.605387791390847e-9,0.9999999139560621,0,7.45118032246012e-9,0.9999990158421099,0,0.9934011548593424,0.9934030539132285,0.9934031436487086
PRNR3,103,1.1783773961083811e-8,0.9999981855119023,0,9.63689364206313e-9,0.9999989809312245,0,0.9964610469792012,0.9964634559872438,0.9964602803399751
PSSA3,103,7.727999221583415e-9,0.9999997293849137,0,0.001353344954899153,0.9907675552020642,0,0.9836201661529695,0.9836627079504892,0.9838617646821767
PTBL3,103,1.0032585171804478e-8,0.9999998372483497,0,9.86338629768896e-9,0.9999986555141824,0,0.9984830760828173,0.9986327971421927,0.9986325418544112
PTNT3,103,0.5682674731392791,0.9004454293661376,0,0.04294004307893914,0.8723036472262508,0,0.8697099947478414,0.8613770586900772,0.8715906741921358
PTNT4,103,7.23561816537449,0.8440403001835192,0,0.4029454262852573,0.7482172702812845,0,0.8454255500711,0.8360122796059338,0.8480139653988397
QUAL3,103,9.738809828992379e-9,0.999999995645406,0,8.758290423796868e-9,0.9999999701585148,0,0.9866501282132866,0.986502904965931,0.9865151057353062
RADL3,103,9.892740024169808e-9,0.9999999965158993,0,0.007680997405050676,0.9917364086515248,0,0.9833703207061113,0.9898675905736641,0.9886015663661442
RAIL3,103,8.242714368624816e-9,0.9999999973867792,0,6.361335067020303e-9,0.9999999849892093,0,0.9742431163245923,0.9688759658098179,0.968760188939256
RANI3,103,9.60346233612685e-9,0.9999993082140328,0,2.515975710299431e-4,0.9991165200291574,0,0.9979044738153742,0.9979268552015214,0.9979307670650597
RAPT3,103,1.0636647112940135e-8,0.9999998323233462,0,9.839835590328912e-9,0.9999997564839154,0,0.9803159986738814,0.9857920096191399,0.9864273037917275
RAPT4,103,0.20688844190005315,0.9711467470031778,0,0.02853590634607472,0.9073574803092845,8.737864077669903,0.9426178364185948,0.96994787585753,0.9600137987464473
RCSL3,103,0.06024984508563216,0.9957662037674464,0,0.21187155821811152,0.9708737379611263,2.912621359223301,0.9705038490392979,0.9713721757266165,0.9698853798100061
RCSL4,103,9.224860103572299e-9,0.9999999978375278,0,8.968991176195543e-9,0.9999999946895468,0,0.7888921539690863,0.822555192893872,0.8225071134367573
RDOR3,103,9.904080631058838e-9,0.9999999969855912,0,8.745815056918283e-9,0.9999999376006664,0,0.9814734406576384,0.9814730424877699,0.9814730381092359
REDE3,103,0.5763557950220475,0.93518485544742,4.854368932038835,0.2854912082087639,0.7002337871292573,29.126213592233007,0.9694286159416198,0.9393102979779998,0.9267899153698502
RENT3,103,4.096980369462862e-9,0.9999998605601251,0,0.001955930519351365,0.9978241428661861,0,0.8823474525662751,0.8857079441500861,0.8855758886666986
RNEW3,103,0.05594118950879402,0.9775740369068865,1.9417475728155338,0.014404670733341587,0.9875805260963623,0,0.9725617404615233,0.9748453881066826,0.9705382108467184
RNEW4,103,0.07340811140022671,0.9533633561561152,0,0.05567611794500249,0.9225931719683209,0.9708737864077669,0.9641236705169829,0.9716143965571489,0.9740495369181682
ROMI3,103,9.81154972239654e-9,0.9999999948063489,0,8.97763510061928e-9,0.9999999765952275,0,0.9862416125119999,0.9862416960254816,0.9862417233685938
RPAD3,103,2.6745114010789783,0.8435173667481126,13.414634146341465,0.003469905344133825,0.9852369763155966,0,0.9631299959147623,0.9880641336557603,0.9728651469434629
RPAD5,103,1.955019576551148,0.9266637469417768,0,7.740509926623121e-9,0.9999999734018078,0,0.9575848550546467,0.9559313170963236,0.9553363272774993
RPAD6,103,9.783416100759629e-9,0.9999999872980486,0,9.618145937569282e-9,0.9999999663767871,0,0.9712484105994166,0.9688634723184175,0.9688677539697902
RPMG3,103,0.0032268650258419117,0.9980236776185003,0,0.04447125630866693,0.9251068045552503,4.854368932038835,0.9039097845702764,0.9185812932151801,0.9121738837978938
RSID3,103,0.04917521568388732,0.9895797390436687,0,0.016600626953442235,0.9786288985430108,0,0.9438995321591019,0.9574873120351136,0.9587174168135011
RSUL4,103,7.565304394525742e-9,0.9999994645890249,0,5.847683680699505e-9,0.9999997125423075,0,0.9607930207872345,0.9641382975925695,0.9640250973105368
SANB11,103,0.1690974934489964,0.9304012818812031,5.825242718446602,0.007989704442183212,0.9337689255675002,2.912621359223301,0.9851040609568534,0.9785267585242847,0.9808976734449953
SANB3,103,1.0497793159827505e-8,0.9999985688397706,0,1.9201052361704437e-8,0.999992064676443,0,0.9929846324388395,0.9930445208860941,0.9930455302649073
SANB4,103,0.018380009486809613,0.9902912961027791,0.9708737864077669,0.002290523592674553,0.9817676087855446,0.9708737864077669,0.9920363786890128,0.99208084183013,0.9921131951255495
SAPR11,103,2.1656639531590306e-9,0.9999999992822236,0,1.0619143179127486e-9,0.9999999853020208,0,0.745160204714255,0.7427819401170902,0.7427203734736655
SAPR3,103,2.383977806640816,0.7352555855470537,1.9417475728155338,0.05477751765625393,0.7070737878522598,0,0.7905911688596727,0.6004000964554855,0.6521280129709863
SAPR4,103,0.01965807570838709,0.9967603169801845,0,1.5983336741514482e-8,0.9999999156706227,0,0.9579973579485621,0.94657687575393,0.9424277685081207
SBFG3,103,1.0663156097361574e-8,0.999999998796479,0,0.03782807735472219,0.9902927994703119,0.9708737864077669,0.9788379714736574,0.9782488888456117,0.9785109262412939
SBSP3,103,9.933220688204043e-9,0.9999999810630305,0,1.1131484342847801e-8,0.9999998545695215,0,0.9840482593152625,0.9840489108907898,0.984048246738016
SCAR3,103,6.369758348130056,0.6740465585037887,0.9708737864077669,2.0841489530794637,0.44241802113383577,29.126213592233007,0.8737768389062115,0.7851434422606728,0.8099419043749193
SEER3,103,0.36725965885730016,0.9373410700899111,0.9708737864077669,0.023945477024402827,0.9631837700138796,0,0.9826348578129909,0.9854975639426021,0.9887001996656828
SEQL3,103,9.992941159384722e-9,0.9999999983590485,0,9.960483788223583e-9,0.9999999942705267,0,0.997396501235952,0.9983045901265001,0.9982937913043104
SHOW3,103,0.006040470272047086,0.9995238695830011,0,0.02726282786605037,0.9906225934233577,0.9708737864077669,0.9912188808442638,0.9897103271138223,0.992699933778367
SHUL4,103,9.486752079245206e-9,0.9999999403736752,0,1.0277096387073891e-8,0.9999996690846329,0,0.9900033247231544,0.9900455498090642,0.9900455629348512
SIMH3,103,9.509818193217968e-9,0.9999999293740895,0,8.63109416498912e-9,0.9999995616720796,0,0.984822092531913,0.9847289190506017,0.985425956444157
SLCE3,103,8.10479640880669e-9,0.9999999595804273,0,6.802759709898944e-9,0.9999995832310445,0,0.9786170700555045,0.9786223721615237,0.9786224094902951
SMTO3,103,1.0598756915323345e-8,0.999999995041455,0,4.527459563920878e-4,0.9981449831314025,0,0.977074994907747,0.9769395702089797,0.9769930875219448
SUZB3,103,9.937099320919797e-9,0.9999999172778128,0,8.684265867318473e-9,0.9999984234610688,0,0.9976357900040759,0.9977531496512785,0.9977533368311834
SYNE3,103,9.94141748821409e-9,0.9999999893824363,0,1.0247522532978535e-8,0.9999999564203863,0,0.9927850427606115,0.9844572460069207,0.9840864758077571
TAEE11,103,0.23861377375557927,0.8591615632231953,0,0.011456361943135238,0.8782296585293968,0,0.9064299072867753,0.8976351255782273,0.9067813910391933
TAEE3,103,0.3542894762343103,0.8754560683447669,11.650485436893204,0.020564500107025686,0.738177519555159,17.475728155339805,0.8907254648253823,0.8708221370301658,0.9070537455945207
TAEE4,103,0.18175020354177385,0.8662245808819926,0.9708737864077669,0.01074989496270082,0.8445966347658973,0,0.9080270203078912,0.8969841476843469,0.9061241830369201
TASA3,103,0.13309158688826225,0.8932038437104547,10.679611650485436,0.02932172913290892,0.8808383898607317,4.854368932038835,0.928435627328145,0.9430004433335888,0.9444068375888804
TASA4,103,2.4364199713919246,0.7943271924739779,13.592233009708737,0.15452547610283227,0.6745431144838687,29.126213592233007,0.9132269492815025,0.8876043127662467,0.9205606107544987
TCSA3,103,1.0712336016516677e-8,0.9999998238207715,0,9.084160747914877e-9,0.9999999152568576,0,0.9890576746912809,0.9894780288631483,0.9894797116173355
TECN3,103,0.7836568405013569,0.7564691524230291,23.300970873786408,0.4262432199740997,0.6352408915396902,11.650485436893204,0.9288882865071596,0.9383640976373,0.9317868474070884
TELB3,103,0.9994372851499832,0.9126843978929671,8.737864077669903,8.153895264006729e-9,0.999999994246782,0,0.9935423038253611,1.0146173428982475,1.0040074343022276
TELB4,103,0.025396607871091447,0.9905862378727055,0.9708737864077669,6.281954593378817e-9,0.9999999930360697,0,0.9917800934391838,1.0496785019565984,1.049646444995653
TEND3,103,9.967031376118494e-9,0.9999999983990987,0,9.124556270825346e-9,0.9999999936151562,0,0.9759812783617262,0.9759830619851647,0.9759833809287104
TFCO4,103,0.025047647779821394,0.9850123973365422,0,1.0752135205637904e-8,0.9999995977510848,0,0.9868735689544862,0.9871543884975431,0.98712056614093
TGMA3,103,7.316391433743904e-9,0.999999974241263,0,0.004905709686126946,0.9902911949223521,0.9708737864077669,0.9907420311266195,0.9909025575233712,0.9868004078792467
TIMS3,103,1.0202233371216824e-8,0.9999999292847397,0,9.900109451421904e-9,0.9999997442991616,0,0.9807990723938865,0.9811347094266756,0.9812966230644774
TKNO4,103,1.804749274862669,0.9692983278273722,0,0.08103711837937791,0.9611171600950352,1.4705882352941175,0.9836347417981482,0.9918395151212936,1.001000702994001
TOTS3,103,8.850871429240426e-9,0.9999999729984741,0,0.004639929714969584,0.9905046958133764,0.9708737864077669,0.9848552633460914,0.9845143514472761,0.9842305857454302
TPIS3,103,0.5853343991944134,0.8058885491259,19.41747572815534,0.41894868802627366,0.8109970053378215,14.563106796116504,0.9809311037780666,0.9853595003783727,0.9896613562694403
TRIS3,103,0.1291666322790821,0.9945146899036862,0,8.480502648460143e-9,0.9999999854364053,0,0.9431903967774549,0.9336909640784944,0.9293626481280497
TUPY3,103,0.5307067964478339,0.9257852022976699,0.9708737864077669,6.348330767059652e-9,0.9999991884236578,0,0.8326183452336717,0.85632720407212215,0.8577180587445958
UCAS3,103,0.473081427732788,0.7134401453010871,3.8834951456310676,0.013529323207706594,0.9059085461337427,0,0.9111454347052043,0.916836934518881,0.9119112843011203
UGPA3,103,0.10933497751071768,0.9708737064747005,2.912621359223301,0.013716347633597073,0.9778470987071924,1.9417475728155338,0.9217456279647221,0.9267312067139909,0.9302090021704058
UNIP3,103,1.2945961368385451e-8,0.999998963695371,0,0.005434222646456743,0.9515690740162672,4.854368932038835,0.9951837422805047,0.9955926174270749,0.995571526985206
UNIP5,103,0.25610016528147717,0.849821560959269,14.563106796116504,7.223040221417839e-4,0.9952181271913886,0,0.9644818703855367,0.9619125818752111,0.9655071552177769
UNIP6,103,0.1459526549380852,0.9852477412437225,0,0.015080090954665764,0.9509316235031972,3.8834951456310676,0.9797611019285444,0.9664080932351112,0.946441924886011
USIM5,103,9.663599416813355e-9,0.9999999969886625,0,8.56399209671e-9,0.9999999651356423,0,0.9902545290301046,0.9901914207856705,0.9901853687581362
VALE3,103,0.011183316823695319,0.9961681308585665,0,5.406475071539799e-9,0.9999995811592199,0,0.972887246457812,0.9732166632919951,0.9729109522461791
VAMO3,103,9.41385744157051e-9,0.9999999521560533,0,8.0813660456228e-9,0.999999818452305,0,0.9958927264660054,0.9964343007282838,0.9964343956212929
VBBR3,103,0.8501785731164331,0.9186750728250532,0,0.05808261491030579,0.8056390683998179,7.766990291262135,0.8414166129972371,0.8217340950489845,0.83924770451136
VIVA3,103,9.737469544888718e-9,0.9999997493307787,0,9.337618053897255e-9,0.9999994261341878,0,0.9890595754982077,0.9893963521570265,0.9893984060755143
VIVR3,103,1.7339428136204216,0.9823109036865381,0,1.0518255162207593,0.9522830652579333,3.8834951456310676,0.9867878444541539,0.9637734240247626,0.9856686068475958
VIVT3,103,0.02738735850579669,0.991845954490369,0,0.0016247997994718157,0.9922805362679177,0,0.985909090838819,0.9914645955780549,0.9916460934638764
VLID3,103,1.2795549967239336e-8,0.9999977702175543,0,2.2157785413037386e-8,0.9999830020402675,0,0.9976683265359948,0.997673731763383,0.9976737284133724
VULC3,103,8.872994825422004e-9,0.9999999795901697,0,7.771594735119493e-9,0.9999999249510724,0,0.9908086665056433,0.9908140105953193,0.9902083390505557
WEGE3,103,0.2826617241582355,0.9435278775492685,0,0.02260957315359103,0.9438725025905292,2.912621359223301,0.8984317688894343,0.9012291682774828,0.901024979485688
WHRL3,103,9.66261283694499e-9,0.9999999805172073,0,3.193861351925509e-4,0.9878067039110411,0,0.9952582046069337,0.9961237316841152,0.996120468823903
WHRL4,103,0.12523024459141077,0.9343499628999902,0,0.06715423087514082,0.8293719683498929,2.912621359223301,0.9563778449239126,0.9424233914308375,0.9735690682696306
WIZC3,103,1.065524672292881e-8,0.9999995314159078,0,1.0930399233517103e-8,0.9999975167702416,0,0.9946492360898783,0.9946540951324337,0.9946541218836403
WLMM4,103,1.0116720732188978e-8,0.9999999552601941,0,9.80682207001389e-9,0.9999998986419844,0,0.9948447422418226,0.9949768120521464,0.9949361969481016
YDUQ3,103,0.1504666842762534,0.9925720410447499,0,0.531993784797293,0.5942951375915252,3.8834951456310676,0.9216567392954087,0.9213182391263454,0.9218216151528575
